Interval,LA_X,LA_Y,LA_Z,A_X,A_Y,A_Z,G_X,G_Y,G_Z,Lat,Long,Height,V,Dir,Hor_Acc,Vert_Acc
10.25,-1.6788785032352942,13.851286213666667,-13.199231685554903,0.6706589578960396,11.986638700848514,-8.478209802303962,1.9798488827920793,1.1637686756544554,0.3915972641835644,52.37477833,4.834918333,-15.28939031,0.5950188637,275.7900085,2.200000048,17.10000038
10.5,1.5048688003911999,2.614432690194,-5.372826392577999,-3.6690842188733,3.7531471839414,0.04124398044000003,-0.1375701231578,-1.172007366983,0.9694684906364001,52.37477667,4.83492,-12.18939168,0.6655358076,261.2999878,2.099999905,16.29999924
10.75,0.614885601972,-2.0307255552112,-7.128717011692,2.54737582868802,5.6377413742900995,-7.934416673253664,-1.9989600232714853,-0.21618947752574255,-0.6472560566854455,52.37477667,4.83492,-12.18939168,0.6655358076,261.2999878,2.099999905,16.29999924
11.0,-2.66890850554,16.927860136186,-3.0481360882084,1.1220240737991,13.0263905629485,-9.4170919912918,1.68883136732286,1.183239720454,-0.28755375435246,52.37477667,4.83492,-12.18939168,0.6655358076,261.2999878,2.099999905,16.29999924
11.25,3.96275392024,1.106649409858,3.0355310094652204,-2.457418582252,3.1742731556925,0.46191150534500003,0.07453600178070001,-0.9222413643873,0.8406158694612731,52.37477667,4.83492,-12.18939168,0.6655358076,261.2999878,2.099999905,16.29999924
11.5,2.902857475205882,-0.4270681167901961,-7.798761934062745,1.9981887039534654,6.655700826222178,-8.921939504509902,-1.8688564253630695,-0.6395451629336634,-0.8164246212417822,52.37477667,4.834913333,-9.389395549,1.334674716,281.8099976,2.099999905,15.5
11.75,-5.272499869864,10.593093736086,-2.6784179705380002,1.048671079079,12.451376010439,-8.5295028919228,1.8297248581301,1.6077985014454002,-0.16799750437278,52.37477667,4.834913333,-9.389395549,1.334674716,281.8099976,2.099999905,15.5
12.0,-1.509390900148,-2.339199928216,-2.227802723688,-4.397057174629703,3.1321293218837623,-0.20411288936732683,0.07769159263861387,-0.8646027135594753,0.6458973975151583,52.37477667,4.834913333,-9.389395549,1.334674716,281.8099976,2.099999905,15.5
12.25,1.190524054684,-0.3997515894680001,-7.98061654053,2.9677201509880002,7.664317901335,-8.6232063999369,-2.132523243479,-0.43735862852666996,-0.8402446290535001,52.37477667,4.834913333,-9.389395549,1.334674716,281.8099976,2.099999905,15.5
12.5,-1.0019393224313728,16.395987150147057,-11.489187561505295,0.1599430151702969,11.894180762516733,-8.616662765489604,2.2429462868862378,1.153698514020099,0.15625853012020793,52.37477833,4.834895,-5.089403856,2.450077772,271.2399902,2.0,14.5
12.75,1.42112589098,3.641331725686,-4.538314187718,-3.4990861400723996,0.7052295522099999,0.7296015318579001,-0.8337546148826,-0.56297724703998,0.2457193754822,52.37477833,4.834895,-5.089403856,2.450077772,271.2399902,2.0,14.5
13.0,2.568026950574,2.824692849332,-12.366090172546,2.925396168745,11.06806250769,-10.655309083391998,-1.534783237588,-1.4728944889083102,-0.14687750351219997,52.37477833,4.834895,-5.089403856,2.450077772,271.2399902,2.0,14.5
13.25,-8.4644869995,10.264458736037,-9.678561903211,-1.496695606969703,10.9643426965198,-6.038333460434752,2.5623438066042574,1.238020031689505,-0.01024306900019801,52.37477833,4.834895,-5.089403856,2.450077772,271.2399902,2.0,14.5
13.5,1.6423568320980002,-4.8838906523978,-3.699502798142,-1.00001412862,-0.17065802067480004,-1.1744385341938,-1.3799018612595,0.11222337900250003,-0.08425175230171,52.37478333,4.834838333,-1.189429747,2.210731983,282.6799927,2.0,14.19999981
13.75,3.6108076572941177,3.6092554307078433,-10.052255863853727,3.7898213951376234,12.159113453146533,-10.183559894187129,-1.0699024669683168,-1.3191287118147526,-0.10071669995108913,52.37478333,4.834838333,-1.189429747,2.210731983,282.6799927,2.0,14.19999981
14.0,-11.776830975822,12.48836178074,-1.9361670806867999,-4.2439007662062,11.744192043026,-5.691394765356,2.5675361170859996,1.40847988780894,-0.2527084985091,52.37478333,4.834838333,-1.189429747,2.210731983,282.6799927,2.0,14.19999981
14.25,1.346546862964,-5.826572509578,0.819366104752,-0.08013894336499988,-1.1128980558876,-3.0064441459070004,-1.596952492494922,0.5376469993334,-0.36383736789802,52.37478333,4.834838333,-1.189429747,2.210731983,282.6799927,2.0,14.19999981
14.5,4.906251593546,5.305230095062,-5.701809676682,3.2848590733564356,12.837474308614851,-9.41273219019099,-0.7711095334722773,-2.0134165710829106,-0.22873874013514853,52.37478333,4.834838333,-1.189429747,2.210731983,282.6799927,2.0,14.19999981
14.75,-5.134433531654,9.797131444435799,-7.111590903258,-3.6579481437980004,10.375522967888001,-3.1640176267073,2.1877116115912,0.7506372445709999,0.51284475087313,52.37478333,4.834838333,-1.189429747,2.210731983,282.6799927,2.0,14.19999981
15.0,6.198518282849019,-3.1584814204843132,0.07826673389803923,1.7713901952495048,0.3427114231831683,-2.170941186527426,-1.251876226819802,0.3426921985553465,-0.02733254967554456,52.37478333,4.834838333,-1.189429747,2.210731983,282.6799927,2.0,14.19999981
15.25,5.07881575542,5.159222040183,-11.0514795103448,2.771119656246,12.996338039672,-10.194429427646,-1.247841381172,-1.0755332502676,-0.0935522580154,52.374785,4.834798333,2.310549368,3.154732466,266.0,2.0,13.80000019
15.5,-6.620017670234001,6.825670574291999,-9.216803023375,-3.684666999220792,10.551318366269218,-4.742435876647525,2.579380190673663,0.6883018505950494,0.0982389881350495,52.374785,4.834798333,2.310549368,3.154732466,266.0,2.0,13.80000019
15.75,4.7976496672,-4.1193441975634,-0.3653162717006,1.013145072167,0.18460497670800005,-2.2625506118273,-1.4267082384440701,0.52485674117681,0.24807750070321,52.374785,4.834798333,2.310549368,3.154732466,266.0,2.0,13.80000019
16.0,6.198188300304,6.1065739718472,-10.132337175192,3.2273926574439997,13.745561177719,-10.373931542171999,-0.983871626533,-1.42302049459585,-0.16212350614680002,52.374785,4.834798333,2.310549368,3.154732466,266.0,2.0,13.80000019
16.25,-4.65642312742353,8.929025428082353,-8.073925820968627,-4.85072841639703,7.756337023118911,-4.212383386735842,2.7721756029756435,1.1259997277836833,-0.34139343626460394,52.374785,4.834768333,3.810531955,2.57875824,267.7999878,1.899999976,13.19999981
16.5,6.584713634568,-3.909487982501,-1.9926625350330003,2.29562859152,0.410176518322,-4.2508726411046,-1.8308881196707,-0.23703212074699997,-0.53232987403736,52.374785,4.834768333,3.810531955,2.57875824,267.7999878,1.899999976,13.19999981
16.75,5.987963052342,6.6560989439586,-11.347113939168,2.583867475432079,14.447569983101978,-12.054450576675594,-0.6009117378366337,-1.2747216530065348,0.3840361310737624,52.37478333,4.83474,5.710513174,2.704865217,278.9200134,1.799999952,13.10000038
17.0,-8.343127659084,7.074552788548,-5.7480068841700005,-3.961828681755,7.5409203642252,-1.8630120667678,2.3195768638883,0.73968536524505,0.08697424743069,52.37478333,4.83474,5.710513174,2.704865217,278.9200134,1.799999952,13.10000038
17.25,5.85717583073,-3.734981393372,-5.05283933227,2.7690645835135,1.1810475584089999,-4.9730821978236,-1.4637026144340002,-0.0714436244359,-0.174479247296437,52.37478667,4.834701667,6.610495591,2.228232384,278.480011,1.700000048,13.0
17.5,5.213966181992157,7.604693371907843,-12.61241982977451,1.581050520009901,15.098653131917427,-11.12414901809901,-0.7835920801336633,-1.0167798179777228,0.4040471538388119,52.37478667,4.834701667,6.610495591,2.228232384,278.480011,1.700000048,13.0
17.75,-4.911344838254,5.321947887661801,-6.353994875124,-4.364625216243,7.572030353573,-1.6605600514563,2.4290034653942003,0.9297158693673999,0.09946887859088,52.37479333,4.834638333,7.510468164,2.387796402,278.6499939,1.799999952,13.30000019
18.0,5.8958551473156,-3.018840739072,-3.3049379314740004,2.297374792558812,0.34386687288138607,-5.659375510684555,-1.8228429274150395,-0.253032680720099,-0.2892169515882178,52.37479333,4.834638333,7.510468164,2.387796402,278.6499939,1.799999952,13.30000019
18.25,1.3699176808519997,9.7192363449982,-14.821322181064,1.114017071439,14.825987185252,-11.140703048513,-0.497096877727,-1.7055706165756002,0.41697561847259,52.37479333,4.834638333,7.510468164,2.387796402,278.6499939,1.799999952,13.30000019
18.5,-7.629953805266666,8.520747614741177,-6.90665181975098,-3.1514437504795048,8.027164198959406,-3.1743283348836635,2.173142579570792,1.2213498694083167,-0.015291090864158412,52.37479333,4.834638333,7.510468164,2.387796402,278.6499939,1.799999952,13.30000019
18.75,4.506776550208801,-4.362875233008,-7.970211233054,3.6659162400989,-0.29526451078300003,-3.61610121823,-1.7056297416835,0.01925274801955,-0.025613497183970012,52.37479333,4.834638333,7.510468164,2.387796402,278.6499939,1.799999952,13.30000019
19.0,1.8453122399499997,12.076383621178,-15.36780679625,-2.710810653578,15.83215582978,-10.553023946663,-0.3440332388976,-1.5952653830514152,-0.21274275305010001,52.37479333,4.834638333,7.510468164,2.387796402,278.6499939,1.799999952,13.30000019
19.25,-7.5550522067340005,3.379170620758,-5.9522075121119995,-2.97596599623396,5.2411977866673265,-2.9834139903444554,1.6484071836832672,2.1022089020845542,0.4691976384621416,52.37479833,4.834585,8.410444208,2.746557713,278.9500122,1.799999952,13.69999981
19.5,5.66618230035,-3.839981419028,-5.266972239786001,3.1912845788891997,1.5405255662823998,-4.4861161789752,-1.7691960038873,-0.0934078846824,-0.321311380698,52.37479833,4.834585,8.410444208,2.746557713,278.9500122,1.799999952,13.69999981
19.75,7.595145246503921,4.72648368892353,-8.468718326768627,4.644038900614851,12.155843198278118,-9.513843985116347,-0.43175135937356435,-1.129200344941386,0.4253977600461386,52.37479833,4.834585,8.410444208,2.746557713,278.9500122,1.799999952,13.69999981
20.0,-0.7300931500000003,11.1846331884012,-10.592738616468,-0.01357951940300012,9.623398962663,-7.289851847792001,2.555866479847837,1.656234249503,0.5123497463065,52.37479833,4.834585,8.410444208,2.746557713,278.9500122,1.799999952,13.69999981
20.25,4.183416582422,-1.7438643416119999,-2.281029085688,-1.77552007493,0.7475520256524001,-0.08587050903599998,-1.1528343646525,-0.14016200254512,-0.6453672502150001,52.374805,4.834526667,9.210419683,3.08575964,279.1799927,1.700000048,13.89999962
20.5,1.5787659504059999,-1.3685557454600001,-7.4147086675068,2.7826426693653463,6.157146792796336,-8.622634571740594,-0.4125721412439604,-1.4095206609984654,-1.0687575411032675,52.374805,4.834526667,9.210419683,3.08575964,279.1799927,1.700000048,13.89999962
20.75,-2.16167598392,11.878187478088,-17.26134884354,0.9888031153767001,13.1040995723661,-12.8780601032765,1.809273123308,1.1499523593371999,0.60914974201877,52.374805,4.834526667,9.210419683,3.08575964,279.1799927,1.700000048,13.89999962
21.0,1.0450263922980392,-0.9007630454019607,-4.1873087072117645,-2.890066504242574,5.073224502549506,-1.9162055772514852,-0.27649478702277225,-1.092000491310495,-0.3156332907089703,52.374805,4.834526667,9.210419683,3.08575964,279.1799927,1.700000048,13.89999962
21.25,0.10064303841999994,-2.46404810466,-5.2869191857399995,1.850455551533,3.2870821288489998,-6.3140673067849,-0.5368398742506,-1.878731238408,0.22393524526576003,52.374815,4.834485,9.410409499,2.444415808,286.5799866,1.799999952,14.10000038
21.5,-5.21493524592,15.76681587456,-3.94526552719,-2.0623070934861385,11.815769425151831,-10.66116434711683,0.8157166940455446,0.30640989630099014,0.8237393507030694,52.374815,4.834485,9.410409499,2.444415808,286.5799866,1.799999952,14.10000038
21.75,1.200177542624,2.9334099891700003,-0.2609304428178,-4.6742972368375,6.837475803266,-1.6076730474722998,-0.6080401130375,-1.2997063742095198,-0.10319924576489999,52.374815,4.834485,9.410409499,2.444415808,286.5799866,1.799999952,14.10000038
22.0,0.3740921734426,-2.1714339160600002,-8.580935837530001,2.6779666100256003,2.4252271025928,-6.7661208407,-0.0883849981565,-0.9937138680355,0.9433696204248,52.374815,4.834485,9.410409499,2.444415808,286.5799866,1.799999952,14.10000038
22.25,-6.735431421039216,11.058419066430195,-13.989781164215687,-2.5726857310128715,12.583243597044852,-10.240905900418813,0.9865175730390099,0.6108171918243168,0.33506571207336633,52.374825,4.834465,9.710411892,2.512359142,301.0400085,1.799999952,14.30000019
22.5,-1.62825656743,2.987838251136,-8.767286850242,-1.6561665841281001,8.1511488122,-3.7889026988500003,-0.5670665005819,-0.7378387470027,-0.04508626000140002,52.374825,4.834465,9.710411892,2.512359142,301.0400085,1.799999952,14.30000019
22.75,-0.6836965965899999,-2.1434920344279997,-6.045780966288,2.685041689260396,0.8846406310520792,-4.126639763081188,-0.049022151242970304,-0.610731439029604,0.747862493350099,52.374825,4.834465,9.710411892,2.512359142,301.0400085,1.799999952,14.30000019
23.0,-4.134134700200001,9.222086107932,-17.4246337829324,-1.522959108043,11.155843937722,-12.111696532091,0.368211238526,0.6476868757708399,-0.5497662556002,52.374825,4.834465,9.710411892,2.512359142,301.0400085,1.799999952,14.30000019
23.25,-0.004283917054000046,4.874597596266,-10.0814431818606,-1.29316206449031,9.431136494795,-5.731299285477,-0.336212245442,-1.27773248350598,-0.046062501843300005,52.37484167,4.834456667,10.21043039,2.436695099,329.9200134,1.799999952,14.69999981
23.5,-2.4897777726705885,-1.270496920857843,-3.704079982344902,1.9221149605514853,0.9390891134673267,-3.3579610523841588,-0.11786881214217822,0.2539271006774158,0.3970986334474654,52.37484167,4.834456667,10.21043039,2.436695099,329.9200134,1.799999952,14.69999981
23.75,-3.7635815739,12.59896864166,-0.28495996470999996,-1.699743139843,8.533096853944,-6.2281218067270006,-0.06207438422749997,0.6070583761359,-0.608844499127,52.37484167,4.834456667,10.21043039,2.436695099,329.9200134,1.799999952,14.69999981
24.0,1.0496561492379999,13.075479662560001,-3.2422364183320003,-1.2493129313693068,14.95903737039406,-10.452555936283368,-0.24507945537207923,-1.29549231706,0.09946968275674753,52.37484167,4.834456667,10.21043039,2.436695099,329.9200134,1.799999952,14.69999981
24.25,-3.926601444812,3.442724472276,-1.2439656714960001,0.09648151495299999,2.0311066163882,-2.579428603915,1.1180166183853,1.1977515026717,0.2686502546353,52.37486333,4.834456667,11.41046073,2.321397305,351.4500122,1.799999952,15.19999981
24.5,6.3344477028431365,8.781139469231372,-0.4025212403411766,0.5476782362584157,5.0081957770811885,-4.828118537730694,-0.9194529589666336,0.14887574344069307,-0.4639195574267327,52.37486333,4.834456667,11.41046073,2.321397305,351.4500122,1.799999952,15.19999981
24.75,4.911988818586,12.541900333517999,-12.522172318006001,-1.0670235440361,15.678822660364,-10.163346429877999,-0.181203005004,-1.6253421170231999,0.03816449896390002,52.37486333,4.834456667,11.41046073,2.321397305,351.4500122,1.799999952,15.19999981
25.0,-7.316050917419,8.48955993167,-1.694645590092,-2.85551567720421,5.434977212264,-2.267163127604,1.8350048640799,1.5375071156979998,0.032036122514180004,52.37486333,4.834456667,11.41046073,2.321397305,351.4500122,1.799999952,15.19999981
25.25,9.325157669948,5.254038442365999,-3.9194260131779997,1.6891545661406933,1.8362881615564357,-5.538064140025742,-1.281949258419208,-0.08695990152973268,-0.2807613762792079,52.37488667,4.834455,12.11049243,2.198893309,15.0,1.700000048,15.69999981
25.5,6.0790376971,13.095480709230001,-10.552910489138,-0.889513514869,14.4957772303797,-9.6019054583231,-0.399203751372,-1.5711258579479,0.33307037307279996,52.37488667,4.834455,12.11049243,2.198893309,15.0,1.700000048,15.69999981
25.75,-10.749481417337254,8.996106255276471,0.17835192607450984,-3.6188154990386137,9.516953996960396,-2.588627358377723,2.4586660889962375,1.3303655871980198,0.39540780134544556,52.37488667,4.834455,12.11049243,2.198893309,15.0,1.700000048,15.69999981
26.0,3.53031406736,-4.757427086362,0.7106996518683999,1.6555636176136002,-1.3306020783330001,-3.626479706952,-1.6616929955103001,0.1823841225067,-0.19914125371449998,52.37488667,4.834455,12.11049243,2.198893309,15.0,1.700000048,15.69999981
26.25,3.353816006892,3.4887094275940003,-7.462621029766,2.5209031412250003,12.123575133967,-9.788271477735,-0.8013101079146701,-1.53685399792358,0.18262199526090994,52.3749,4.834468333,13.41051884,2.06918335,41.77999878,1.700000048,16.20000076
26.5,-4.0625160860400005,17.2024349070318,-4.8077001844284,-0.5710931275227723,10.875457930950494,-7.425763720006931,2.346481048711881,1.3088543276032674,0.25503663118643566,52.3749,4.834468333,13.41051884,2.06918335,41.77999878,1.700000048,16.20000076
26.75,2.640941985604,6.014346756449999,4.6153202537497995,-1.6729846074937,3.2869096200550003,-0.378831006277,-0.893905363688678,0.0703106252846,-0.006715514306400006,52.3749,4.834468333,13.41051884,2.06918335,41.77999878,1.700000048,16.20000076
27.0,4.074657528054902,0.4461017247235294,-7.176346482598039,1.5244010212920793,6.126093863688118,-8.086143991701089,-1.2652885976715842,-0.7969350146890296,-0.7582743764875545,52.3749,4.834468333,13.41051884,2.06918335,41.77999878,1.700000048,16.20000076
27.25,-6.558536265532,15.831544016198,-4.8872820847484,0.628432596433,13.10899411499739,-9.552843433363,1.4781552325402,0.8291868703382,0.419659625357,52.37491667,4.834485,14.21055186,1.999181151,15.0,1.700000048,16.5
27.5,3.421589458442,1.609258539592,1.3829090221618001,-1.474623326200297,6.986688382797287,-3.208725936521782,-0.32068265106782173,-0.22839839291277225,-0.3289721481585743,52.37491667,4.834485,14.21055186,1.999181151,15.0,1.700000048,16.5
27.75,-0.7679486533282001,-3.4723728157380003,-3.5486749584564,1.2572310516988998,1.0256610441573,-4.67508774996,-0.9714869885378,-0.47248572602231,-0.023179749825169998,52.37491667,4.834485,14.21055186,1.999181151,15.0,1.700000048,16.5
28.0,-5.989351029558001,17.23225034971,-3.1667740061439997,-2.5958641442909998,11.8447669594522,-8.321884863456,0.7940872617589,0.5568846238504,-0.029489629888599996,52.37491667,4.834485,14.21055186,1.999181151,15.0,1.700000048,16.5
28.25,4.054658580472549,7.898829574343137,-1.480770464756863,-1.5431273197870297,10.592696039808912,-6.644747808689604,-0.4280007438167327,-1.31030827400698,0.0557610172662871,52.37493167,4.834491667,14.91057673,1.92969358,15.0,1.700000048,16.89999962
28.5,-2.792987363398,-2.7470795569047,-1.0604074083958002,1.0561005641986,-0.540993038487,-2.5493536046538,-0.1558424985397,0.199087624194052,0.37065599777860003,52.37493167,4.834491667,14.91057673,1.92969358,15.0,1.700000048,16.89999962
28.75,2.525845279402,17.137339467866,-3.86513056306,-0.6779243083524753,11.253322758325742,-8.343881102929704,0.329131425940594,0.7340199226722772,-0.29605791819753463,52.37493167,4.834491667,14.91057673,1.92969358,15.0,1.700000048,16.89999962
29.0,3.929024702988,16.1481285854594,-10.813874429919998,-2.6082136750054996,13.312740636921001,-7.750195849391591,-0.6907422708933,-1.27297774038528,-0.4837607498897,52.37493167,4.834491667,14.91057673,1.92969358,15.0,1.700000048,16.89999962
29.25,2.7151385885629997,1.6954297282740003,-7.942575900228,-1.1993775838763998,5.3917967572189,-2.7719191316657996,1.5367013779373,1.1739406240727401,0.30812925723587997,52.37495,4.8345,16.11060724,1.810278058,15.0,1.600000024,15.89999962
29.5,5.123132289217647,-2.2525222301196077,-0.11934433154607849,1.6401089967344555,2.6047976460259403,-3.4222738934366337,-1.0347963885358415,-0.0478908348389109,-0.19544195183554458,52.37495,4.8345,16.11060724,1.810278058,15.0,1.600000024,15.89999962
29.75,4.76261368726,6.133847940677999,-8.211451374128,0.6484035550055001,13.960988108792998,-9.3610009810122,-0.4692448853394,-1.0429663672888,0.048604878677539994,52.37495,4.8345,16.11060724,1.810278058,15.0,1.600000024,15.89999962
30.0,-4.8291955913699995,11.198467967418,-9.22000090413,-0.7366960501039603,10.1557638515099,-5.551013148460495,2.448971645082178,1.048787369551485,0.7088002401331683,52.37495,4.8345,16.11060724,1.810278058,15.0,1.600000024,15.89999962
30.25,1.340297212178,-4.736643951184,-7.409408424998,0.37058247119720006,-0.039527994022,-1.6946086356533998,-1.2496137521697899,0.10837887988438,-0.18806287339250002,52.37496833,4.834506667,16.81063678,1.614683628,15.0,1.600000024,15.60000038
30.5,1.7379764175401962,1.533788466162745,-9.01693527662353,3.1380758664673265,9.48194606981307,-8.794038532364455,-1.0093834257023764,-1.0215569284929702,-0.440166093100792,52.37496833,4.834506667,16.81063678,1.614683628,15.0,1.600000024,15.60000038
30.75,-7.262931247978,19.150528872782,-9.9633986448134,-1.250736051607,13.009299548900001,-8.1418578910481,1.9188784937559,0.7352372497097,0.57174699797627,52.37496833,4.834506667,16.81063678,1.614683628,15.0,1.600000024,15.60000038
31.0,-8.931595358340001,10.398199138204,-1.3187613159709999,-1.2313680605937,7.0890349312989995,-3.3104566887718,-0.19895560552009997,-0.2916443713618,0.08262650304060001,52.37496833,4.834506667,16.81063678,1.614683628,15.0,1.600000024,15.60000038
31.25,-3.6709381873544245,-3.589310309024,-3.5219656050814,0.6868054751079208,1.4236321752960395,-5.23000274594901,-1.8099111258710892,-0.41145718674207915,-0.24135606778445545,52.37498167,4.834516667,17.81066125,1.518430591,20.85000038,1.600000024,15.60000038
31.5,3.7315505302700003,13.360416675616,-9.346437792532,-1.4571840865549999,13.06679910748629,-8.107846893418,1.115599366271,0.519539613787,-0.13335850430144,52.37498167,4.834516667,17.81066125,1.518430591,20.85000038,1.600000024,15.60000038
31.75,4.936204706803921,9.559885118556863,-8.164576231670589,-1.4592267902475249,9.703984575525347,-4.306158588403168,-0.713337753030099,-0.870383163697901,-0.22447350487346537,52.37498167,4.834516667,17.81066125,1.518430591,20.85000038,1.600000024,15.60000038
32.0,-1.1148787993640001,-3.0941032771379997,-6.081595445430599,1.8558060638968998,-0.05936100038399996,-3.3071491641814,0.0677641234624,0.37938311722819995,0.19766175168735,52.37498167,4.834516667,17.81066125,1.518430591,20.85000038,1.600000024,15.60000038
32.25,-1.0588644912660001,4.8125483375,-11.335420269017,-1.391521501706,10.103089943937,-8.03525141075,0.118716132719,0.69735461434614,-0.11881374782470001,52.37499833,4.834531667,18.8106933,1.517915845,32.75,1.600000024,15.69999981
32.5,1.3545988055828,8.087933042098,-13.059763131014,-1.428962402451287,13.101181768160398,-9.252506876161387,-0.16198996951675249,-1.1052644653154455,-0.37345680701425743,52.37499833,4.834531667,18.8106933,1.517915845,32.75,1.600000024,15.69999981
32.75,-5.859550934842,3.8986091293099996,-1.709318279004,-1.3871716038470998,3.7276591529260004,-2.0822955867027,0.8838046112431001,1.0052074936178002,0.25272774976124,52.37499833,4.834531667,18.8106933,1.517915845,32.75,1.600000024,15.69999981
33.0,6.8820792609588235,11.025723958043136,-2.973815371456667,1.2597891872410891,4.61086954409406,-4.940721016571386,-0.3800813007032673,-0.03847820764349508,-0.13459888052957425,52.37499833,4.834531667,18.8106933,1.517915845,32.75,1.600000024,15.69999981
33.25,6.222824808402001,11.06560417634,-8.676963344738,-0.5244615003233101,15.088616252100001,-9.649482411834,-0.6922396270166,-1.30948399027376,0.19295650579899998,52.37502,4.834556667,19.71073815,1.562696695,31.84000015,1.600000024,13.19999981
33.5,-7.394550069522,7.4459675767904,-0.576599365208,-2.144856124742,5.5837787654871995,-2.1047715902326,1.6697078821073001,0.8391459941678999,-0.18058424487859998,52.37502,4.834556667,19.71073815,1.562696695,31.84000015,1.600000024,13.19999981
33.75,2.410013536354,6.551337004104,-0.35459946226800004,2.0030020937222774,2.0565164821346533,-5.477639388671288,-1.1516291988817822,0.16950891589213862,-0.2469813106519802,52.37502,4.834556667,19.71073815,1.562696695,31.84000015,1.600000024,13.19999981
34.0,5.794850681264,12.464965595086001,-2.990038336632,1.9622100503,13.989728158317,-9.0984888917368,-0.847409751115,-1.2802624935295,0.3900214938571,52.37502,4.834556667,19.71073815,1.562696695,31.84000015,1.600000024,13.19999981
34.25,-7.568413047409804,9.49717076014902,0.9306373058503922,-5.039866550265347,8.759358825643565,-4.823869496148317,2.879637980321775,0.9959288272029703,0.20071597247359405,52.37504167,4.834575,20.61077913,1.589976907,20.67000008,1.700000048,12.89999962
34.5,5.085529277228,-3.7010004534266,0.5053957498084,1.82522253366005,-0.879267035441,-2.6370826517059998,-1.9741823637548002,-0.1463522416603,0.0387640082874,52.37504167,4.834575,20.61077913,1.589976907,20.67000008,1.700000048,12.89999962
34.75,5.95561731173,4.055904972572,-9.119599211814,3.9655264394415846,12.197929392482179,-8.568500935548515,-0.7327987474544921,-0.2688928194556436,-0.31424741004168316,52.37504167,4.834575,20.61077913,1.589976907,20.67000008,1.700000048,12.89999962
35.0,-2.21529448011,12.43444843766,-11.64714115652,-1.7331720446644001,12.752067575671001,-7.382758879518,2.4470338627394,0.68880625036292,0.5365249950228,52.37504167,4.834575,20.61077913,1.589976907,20.67000008,1.700000048,12.89999962
35.25,2.796343614468,-5.66416337239,-2.856964621366,-1.1409480777954,-1.269223531735,-0.7357770385158,-1.2513201261724,-0.15692049506642,-0.08483199823870001,52.37506667,4.83459,21.31082285,1.670273662,15.0,1.700000048,13.19999981
35.5,2.6081991260372552,2.8630134420117646,-8.950294052401372,1.9719832884129702,10.807473848423763,-10.059860380060396,-1.1398504855582972,-1.0702455505070296,-0.41923613658346537,52.37506667,4.83459,21.31082285,1.670273662,15.0,1.700000048,13.19999981
35.75,-1.2428818533480002,16.62879537917,-12.23925823881,-0.25252498263699996,12.827694619031899,-8.2619328712561,2.1980474941001003,0.891779623972793,0.38987987439329996,52.37506667,4.83459,21.31082285,1.670273662,15.0,1.700000048,13.19999981
36.0,-0.04376108855191999,5.1864862297759995,-6.7859328715492,-0.6366490688846337,2.9303021160108913,-1.2807179081168316,-0.029390963857653444,-0.48771385748752477,0.13535718167643562,52.37506667,4.83459,21.31082285,1.670273662,15.0,1.700000048,13.19999981
36.25,-2.5962457984027996,-0.47664884577479993,-9.239310051774,-0.12462303423890007,6.368859259567,-8.134135849279499,-2.1029662335256,-0.4386772404594,-0.61596976190109,52.37509,4.834595,21.91085842,1.762923598,14.26000023,1.600000024,13.30000019
36.5,1.2993215368800002,16.442972929112,-8.4270848007198,-1.5514020658624004,13.1841336362165,-9.5652259636493,1.946562735768,1.2450996242726,0.2520168693752,52.37509,4.834595,21.91085842,1.762923598,14.26000023,1.600000024,13.30000019
36.75,3.334427247101961,7.364606126639216,-6.224508708796078,-2.1493040686485148,6.576768151983169,-3.3557452252247524,-0.12633254511613864,-1.1048642267830378,-0.1317780970818812,52.37509,4.834595,21.91085842,1.762923598,14.26000023,1.600000024,13.30000019
37.0,-0.6554456184319999,-3.2265177955646,-6.6848659144136,1.078906523551,2.179425086591,-4.531429712838,-1.6194969829484,-0.19502175113109999,0.1580892509638,52.37509,4.834595,21.91085842,1.762923598,14.26000023,1.600000024,13.30000019
37.25,3.120878378659,16.440197379434,-11.4913802222766,-1.9006382083990099,13.157635333830198,-10.215132661603167,1.2150453032117823,0.7463935640774257,-0.035634276566732695,52.37511167,4.834603333,22.4108936,1.768585563,24.39999962,1.600000024,12.89999962
37.5,3.616685115766,6.327595112196,-6.539824490696,-0.5103465037371001,7.8350913856748,-3.5393657258609,-0.41574774512889995,-0.47782899211569996,-0.17793187510820002,52.37511167,4.834603333,22.4108936,1.768585563,24.39999962,1.600000024,12.89999962
37.75,-1.683048181347059,-3.575894993337255,-6.380027716352157,0.9464821881772276,0.30125790468099,-4.5790442604245545,-0.6175397222975247,-0.15703452948079208,0.31080037001904953,52.37511167,4.834603333,22.4108936,1.768585563,24.39999962,1.600000024,12.89999962
38.0,0.6519231854176,9.544258148960001,-11.476935293852,-2.041501590314,12.035036122865,-8.216778390594,0.6910681139252,0.1741011145799,-0.037930749737430006,52.37511167,4.834603333,22.4108936,1.768585563,24.39999962,1.600000024,12.89999962
38.25,3.3250283703040004,7.307988541308,-10.3063878252,-1.3125750435557,10.776926008794,-6.252115783204,-0.4312192531681,-0.96066849336799,0.1239411214952,52.375125,4.83461,23.01091614,1.772188663,29.38999939,1.600000024,13.19999981
38.5,-2.5043166132800003,-1.5736940315060002,-2.2927317440462,1.3340049862138614,-0.10271880523643558,-1.7854842458846534,-0.008844921049891099,0.1074746310861386,0.19469046925511882,52.375125,4.83461,23.01091614,1.772188663,29.38999939,1.600000024,13.19999981
38.75,6.986399632195799,10.208302961232,-7.3330579736468,-0.8791770786579999,9.472038435454,-8.967547957194,0.1854929930648,1.0639502415411,-0.24727311982539998,52.375125,4.83461,23.01091614,1.772188663,29.38999939,1.600000024,13.19999981
39.0,4.797871439389137,10.367248293621568,-12.257051910174901,-0.7904792498100991,13.318622332771287,-9.540670275824752,-0.26405853599247525,-1.502093562920792,-0.1448310692059406,52.375125,4.83461,23.01091614,1.772188663,29.38999939,1.600000024,13.19999981
39.25,-3.3240527896508003,1.2524708752618001,-3.379705850552,0.982408558499,1.2634260504382,-1.4111565594591,0.6228145006789699,0.77660824744396,0.34087624738,52.37514167,4.834623333,23.61094722,1.824690223,31.70999908,1.600000024,13.39999962
39.5,3.65835026484,1.05521269796,-10.11918478133,0.09653854265730004,6.109708782617999,-6.645322801973,-0.6881338599556299,0.27800024572070003,-0.29005762082008,52.37514167,4.834623333,23.61094722,1.824690223,31.70999908,1.600000024,13.39999962
39.75,1.2926912479062,9.24684142044,-13.780350950131998,-0.2463104391579208,13.798402639101287,-9.469895466778217,-0.15296126386188116,-1.3374352745703961,0.06377548827475246,52.37514167,4.834623333,23.61094722,1.824690223,31.70999908,1.600000024,13.39999962
40.0,-6.013283683334,9.46333121139,-6.47254223456,-2.0638066071509997,7.17186328877845,-3.4376266364229995,1.9509929843372,1.180738620366,-0.008342122926299997,52.37514167,4.834623333,23.61094722,1.824690223,31.70999908,1.600000024,13.39999962
40.25,5.692684332419608,-2.272768178534706,-8.927769261479217,2.1862664393064555,0.7883465702823762,-3.5998278600623763,-1.5786987483204733,-0.18228551798138612,0.060245424029603964,52.37517833,4.834645,22.71101114,1.93587029,29.35000038,1.700000048,13.60000038
40.5,2.065101640354,10.43335809442,-14.22743467179,0.13942650367600007,13.993758720997,-8.5389679560591,-0.48550560445700003,-1.3716009841377,0.03750449417570003,52.37517833,4.834645,22.71101114,1.93587029,29.35000038,1.700000048,13.60000038
40.75,-10.47245218599,13.786917996423199,-6.22969547412,-2.10832436150198,11.068990585617822,-5.450306691206723,2.58628239415198,1.0562001172163367,0.2586157159529109,52.37517833,4.834645,22.71101114,1.93587029,29.35000038,1.700000048,13.60000038
41.0,-4.09313213253,0.7221871108504,6.5296751641399995,0.3916875234657,1.1114520185494,-0.7580595223935,-1.3310797396919,0.09262412371710001,0.39089737718708,52.37517833,4.834645,22.71101114,1.93587029,29.35000038,1.700000048,13.60000038
41.25,1.8753933421777997,2.68142135712,-4.6415367139756,2.925454666707,8.587735815961,-9.320826467199,-1.0752596203461,-1.0319182629866,-0.431415870915,52.375195,4.83465,23.21103738,2.016681671,23.37000084,1.600000024,13.30000019
41.5,-2.885794569803922,16.22548168420608,-1.972493956467843,-0.43755296882277234,12.54868280009406,-8.449099408126733,2.144866566272475,1.1034824084758417,-0.08718588492950494,52.375195,4.83465,23.21103738,2.016681671,23.37000084,1.600000024,13.30000019
41.75,4.566492094856,6.47220861625,3.298552816276,-1.4116050595218999,6.6379067674513,-2.3917981402948,-0.389827621546778,-0.4418741346356,0.4268742394031,52.375195,4.83465,23.21103738,2.016681671,23.37000084,1.600000024,13.30000019
42.0,1.4193202071139999,-3.861293423126,-4.742973557403,1.7208119362069307,2.4802991488811883,-5.797093284257218,-1.524236495739802,-0.05340173107099012,-0.7226332910185842,52.375195,4.83465,23.21103738,2.016681671,23.37000084,1.600000024,13.30000019
42.25,-4.793009508232,14.836446228744,-2.5051291953236,-0.837120042386,12.948078641812002,-9.901164491801,1.377271461089,0.34904512060433,0.37946974963080005,52.37521833,4.834665,23.91107876,2.125802755,25.47999954,1.700000048,14.19999981
42.5,5.860196093948,3.67014081851,-1.5675254161740002,-0.8006955258467999,7.1458968379615,-3.2690117546319,-0.8722573395401,0.024948002225740007,-0.22071637552629997,52.37521833,4.834665,23.91107876,2.125802755,25.47999954,1.700000048,14.19999981
42.75,-1.4419317202490196,-4.132717593731372,-5.238505369253097,1.3431654624792577,0.6075564575188119,-4.5366254232384655,-0.3570071649098792,0.04394826583752476,-0.1954446747897129,52.37521833,4.834665,23.91107876,2.125802755,25.47999954,1.700000048,14.19999981
43.0,-5.028485616114,18.039103043319997,-5.451044108476,-1.815711031177,11.460657558374,-8.7097068884755,0.3972251195549001,-0.04734674415660001,0.383839494717,52.37521833,4.834665,23.91107876,2.125802755,25.47999954,1.700000048,14.19999981
43.25,5.028891549142,8.6540195840636,-1.6213675752480001,-1.2067678756673268,9.397837639273465,-4.892507168007376,-0.16560852772247522,-0.9097871308560495,-0.21415828970920792,52.375245,4.834673333,24.31112094,2.259115934,18.28000069,1.700000048,13.89999962
43.5,-1.756492958052,-2.4545154449199997,-6.2126545497446,1.2028245601743999,-0.06506096085430002,-3.8676091586039,-0.2010085043052,0.4057363649047,0.5577027439394999,52.375245,4.834673333,24.31112094,2.259115934,18.28000069,1.700000048,13.89999962
43.75,0.9636974043305884,7.632874192496078,-10.29188000507255,-1.7936778151584158,12.309918403862376,-8.38023602019505,0.6173994921154653,0.5668199236732673,-0.4053404711466337,52.375245,4.834673333,24.31112094,2.259115934,18.28000069,1.700000048,13.89999962
44.0,0.824924091528,8.509974786942001,-11.611677905124859,-3.18578267074048,11.407311538484,-7.508214379610999,0.01900800788019002,-1.4374511195641901,-0.2355072455961,52.375245,4.834673333,24.31112094,2.259115934,18.28000069,1.700000048,13.89999962
44.25,-1.797212015484,-3.64645679235,-2.7299672273700004,2.8962436415498,-0.48907801358700004,-4.103199227853,-0.53957612666494,0.47906376153130004,0.4805198680244,52.37527,4.834686667,24.41116368,2.341986179,15.0,1.700000048,13.89999962
44.5,5.077862931758,16.569387466748,-11.1876262018336,-1.2317347779486139,12.920676896114157,-10.480038647599109,1.1404631064556932,0.7496894693651486,-0.28349096834653464,52.37527,4.834686667,24.41116368,2.341986179,15.0,1.700000048,13.89999962
44.75,3.969645335334,6.9023880207632,-6.5047935239857315,-1.8784920325249999,9.0808009238448,-4.8042917500129,-0.5433202564753,-0.9140422437478,-0.2871192490578,52.37527,4.834686667,24.41116368,2.341986179,15.0,1.700000048,13.89999962
45.0,-1.1301736936882352,-2.9058366316884316,-5.173425304998039,2.653434736370297,0.5636153545821782,-4.640676465103267,0.044668441060792076,0.20643107838455446,0.32921719557514856,52.37527,4.834686667,24.41116368,2.341986179,15.0,1.700000048,13.89999962
45.25,-5.988591988182,10.644078142507,0.7544415316454001,-2.02933808523,10.444395539039,-6.305580292639201,0.1607732389371,0.33780725035979997,0.4164036179135,52.37530167,4.834701667,24.61121674,2.438239098,16.0,1.600000024,14.30000019
45.5,1.8285944985199998,8.539790891628,-3.1998479846,-2.437315607916,13.5027306376501,-9.01363241650752,-0.5589663775785,-1.6521229971292999,-0.3001102539483,52.37530167,4.834701667,24.61121674,2.438239098,16.0,1.600000024,14.30000019
45.75,-3.418217113304,1.7423596111500002,-2.15692518699722,0.7782475884849505,1.632329764129703,-3.345078874155545,0.8990743707874258,1.4044277138732675,0.3726181902185446,52.37530167,4.834701667,24.61121674,2.438239098,16.0,1.600000024,14.30000019
46.0,8.901274062046,6.4706028058026,-4.728612804594,0.7059105460759999,4.895496217224,-5.4824192683021,-0.587395859659,0.41588799264244003,-0.3236309980112,52.37530167,4.834701667,24.61121674,2.438239098,16.0,1.600000024,14.30000019
46.25,5.518483494098039,8.929579963401764,-10.50520289827255,0.836018386810891,15.018360127646535,-9.59073609618089,-0.6189106334567327,-1.357284285168812,-0.10132797589128714,52.37533,4.834706667,24.01125931,2.42794466,19.39999962,1.600000024,14.39999962
46.5,-5.1151137028011995,10.176382125036,-10.489553478913999,-1.8470881171229998,10.119861504454,-6.3025487717861,3.2400884879049,1.0175962452286,0.7287279985243,52.37533,4.834706667,24.01125931,2.42794466,19.39999962,1.600000024,14.39999962
46.75,3.3064781456044,-6.4834689744644,-7.150660089351,0.901133251161485,-1.7585659539789011,-3.1506224483952474,-2.059103339905878,0.37577252038938613,-0.7631535823936634,52.37533,4.834706667,24.01125931,2.42794466,19.39999962,1.600000024,14.39999962
47.0,1.4700122461468002,3.8299089830898003,-9.7167003335586,0.7433190033299999,12.0150425979868,-8.168856373242699,-0.7565964972258981,-0.9657711225574,-0.45047474454833003,52.37533,4.834706667,24.01125931,2.42794466,19.39999962,1.600000024,14.39999962
47.25,-0.10126935695800014,17.148509053828,-7.880409385588,-0.019127921068099976,11.686623520362,-9.130812404979011,2.3850529908008,1.1099027390847,0.77492798687619,52.375355,4.834723333,23.411304,2.496917486,19.45000076,1.600000024,13.5
47.5,2.3660580719784314,3.7127331915901958,0.6380433479492157,-4.365392251779109,2.386056053078812,0.15508664675742578,-0.8768715190615841,-0.12091150755237623,-0.07772562189059405,52.375355,4.834723333,23.411304,2.496917486,19.45000076,1.600000024,13.5
47.75,0.964840112924,-0.44606011935500006,-8.455198559976,2.1435030974535,7.094479863427,-8.963844389735,-1.66905336003619,-1.5096633729239,0.0859567527257,52.375355,4.834723333,23.411304,2.496917486,19.45000076,1.600000024,13.5
48.0,-1.187776890854,18.016513458111998,-2.725758501084,-0.7456560378465347,12.809771929553268,-8.642349922277822,1.8368856266219802,1.213595423869406,0.21793205390643566,52.375355,4.834723333,23.411304,2.496917486,19.45000076,1.600000024,13.5
48.25,3.9028100957739995,7.890761031234,2.2911243597804,-2.3143141165023,8.83677042161856,-3.3484980976544,-1.10434499946767,0.007706868899559991,-0.10811487319929998,52.37538167,4.834738333,23.01135005,2.571037531,19.81999969,1.600000024,13.89999962
48.5,0.03024517825399986,-7.0859325595266,-8.2512230584366,0.973587021479,-0.5184795300687999,-5.3544842859849995,-0.5254383783995,-0.3173073791954,-0.3034184923509,52.37538167,4.834738333,23.01135005,2.571037531,19.81999969,1.600000024,13.89999962
48.75,-1.9596230628033333,6.863148372584314,-5.741167025096078,-1.4275188663929703,14.963890863332773,-7.965191981535545,1.1924735090968317,0.6204040763248515,0.07788353827841585,52.37538167,4.834738333,23.01135005,2.571037531,19.81999969,1.600000024,13.89999962
49.0,6.332738446056001,2.6443097743379003,-1.616952355338,0.60091353878614,7.907695822162,-4.1591806329529994,-0.0360690042875,-0.4412457502739,0.17357312229050004,52.37538167,4.834738333,23.01135005,2.571037531,19.81999969,1.600000024,13.89999962
49.25,-0.07737289833600001,-5.055971139908,-2.906318380669,2.062342635150287,0.5712401511126732,-5.031520019568416,-0.9431451727420793,0.060235893027722746,-0.3845888541538614,52.37541,4.834756667,22.71140036,2.658540249,24.0,1.600000024,13.80000019
49.5,-4.4485556861280005,14.77257638022,-0.06630673793200006,-3.7454626367609993,12.824193589926999,-8.18217489463,0.79116398014,0.60334999008534,0.2526535041105,52.37541,4.834756667,22.71140036,2.658540249,24.0,1.600000024,13.80000019
49.75,6.089907724278431,9.546334854999216,-6.313643372871569,-0.5780822047946534,10.5544267932901,-5.745006262709901,-0.6459246259249505,-0.7765292051342376,-0.3385671974307921,52.37541,4.834756667,22.71140036,2.658540249,24.0,1.600000024,13.80000019
50.0,-2.3713724468058,-2.8930351907282,-3.2877206215702,0.895750546221,-0.6597795248199199,-2.9193076218668,-0.067585373602,0.2398811288077,0.44463100021499996,52.37541,4.834756667,22.71140036,2.658540249,24.0,1.600000024,13.80000019
50.25,2.250952428806,7.20121850748,-10.465590851412001,-1.004302482231,11.731035611918001,-7.961907350816,0.5237182618387,0.4101074992609,-0.1768786186793,52.37544167,4.834778333,21.91145729,2.696629763,24.0,1.600000024,14.0
50.5,1.89197057963,9.50167292967634,-13.6718143841192,-1.5958485729445546,12.969064431317822,-9.32100035936713,-0.5085267458904951,-1.4901950503151553,-0.157971155766198,52.37544167,4.834778333,21.91145729,2.696629763,24.0,1.600000024,14.0
50.75,-2.7963504580088,-0.4504468501619999,-3.293138266468,1.5576855468078,-0.04223699432670003,-1.04299806039386,0.2431838681718,1.1029727333892,0.3510361225987,52.37544167,4.834778333,21.91145729,2.696629763,24.0,1.600000024,14.0
51.0,3.345537119553726,6.435836996979137,-10.686230619312745,-1.5605985483048515,8.254726093711088,-6.035584454099109,0.18465023586663365,0.25045965301247525,0.06283205710630693,52.37544167,4.834778333,21.91145729,2.696629763,24.0,1.600000024,14.0
51.25,0.7475058751943999,9.4736705436688,-13.308470657174,-0.5027310161592,15.0380257465724,-9.693417457266001,-0.6858596162867999,-1.5610801212551682,0.027853379754399995,52.375475,4.834803333,20.01151848,2.717218637,24.0,1.5,13.10000038
51.5,-8.426712347326001,5.701175595852,-0.8146484613826,-2.2654875749050003,7.8309228298166,-4.051647180963,2.249691120983,1.44750375012482,-0.1703226239664,52.375475,4.834803333,20.01151848,2.717218637,24.0,1.5,13.10000038
51.75,4.7915500582420005,-3.7707206910036,2.380287333616,2.893091770040594,-0.8135465435782178,-2.8596758928360395,-1.6447531987659407,0.2244231420040495,-0.33450074597504953,52.375475,4.834803333,20.01151848,2.717218637,24.0,1.5,13.10000038
52.0,3.82673413895,6.39333237551342,-9.471742269994001,0.2458904786140999,14.489988700912999,-9.868224466149499,-0.575481494114,-1.5999843706966002,-0.035080377913159995,52.375475,4.834803333,20.01151848,2.717218637,24.0,1.5,13.10000038
52.25,-4.137269490001961,14.207292756087451,-7.250124235869314,-2.1159595158284157,10.611067241780198,-6.342763667261386,2.8801512206929107,1.037817318879208,0.8760152127391385,52.37550167,4.834823333,18.91156743,2.642583847,24.0,1.5,13.0
52.5,5.447282360352,2.812345646684,-4.058715512438201,-0.3725295378350001,-2.04257107977761,-2.0801715710309,-1.6359351115404999,0.2427424999244,-0.55486474916346,52.37550167,4.834823333,18.91156743,2.642583847,24.0,1.5,13.0
52.75,0.29406655556200006,5.92087577346,-15.823238660224,0.998741664388119,12.069806972932673,-11.352713409239703,-0.816353838849604,-1.6927937873762375,0.061821911630396055,52.37550167,4.834823333,18.91156743,2.642583847,24.0,1.5,13.0
53.0,0.8658110859799999,11.239918863516,-9.925682275446,0.3613469960217,9.792778916268,-8.683150895942,2.496195611512,1.702135872274,0.5985842436234899,52.37550167,4.834823333,18.91156743,2.642583847,24.0,1.5,13.0
53.25,1.235376228682,-1.961136287502,-1.349356347344,-3.4778881495507,0.4185540828289999,-0.36890402662599997,-1.326169633056,-0.10865112127578999,-0.33819361714659996,52.375525,4.83484,17.91160978,2.569493294,24.0,1.5,12.89999962
53.5,1.767981831180392,2.818452279135294,-11.334609919356861,1.3619006061950494,10.917560428053465,-11.221002958617822,-1.2775465294518813,-1.527202962570297,-0.5544040779765347,52.375525,4.83484,17.91160978,2.569493294,24.0,1.5,12.89999962
53.75,-2.4064439672819997,13.1621947820028,-10.105163058492,-2.8285591417177,10.886248983977,-8.918008931624799,2.7840106073898,1.4090188632804002,1.0069977423357,52.375525,4.83484,17.91160978,2.569493294,24.0,1.5,12.89999962
54.0,4.159666013614,-4.923921072555999,-1.035818226762,-0.4376673595059405,-1.9991837565655444,-0.5132926340059405,-1.9026800677506932,0.4433353962666436,-0.6752856340353465,52.375525,4.83484,17.91160978,2.569493294,24.0,1.5,12.89999962
54.25,2.541249845634,6.317089888320001,-14.2382213108678,0.8821335946205001,13.527132656517999,-11.670150582074,-0.7458563760941,-1.2617604868948,-0.47231935878411,52.37555,4.834858333,16.41165543,2.493314505,24.0,1.5,11.80000019
54.5,-1.9971727609199996,13.110386932071599,-10.548247061842,-1.7902035877152,10.6013075562423,-8.5353858845979,2.721713488576,0.6978056407613,0.9559055011475001,52.37555,4.834858333,16.41165543,2.493314505,24.0,1.5,11.80000019
54.75,4.340764609139216,0.4747949421352942,-3.489028340572549,-1.8562441317320792,3.050254610214356,-0.725588652850792,-0.84255506417,-0.002195917826336631,-0.010961876300000003,52.37555,4.834858333,16.41165543,2.493314505,24.0,1.5,11.80000019
55.0,0.4704595388474,-0.7010802892957999,-8.3332092496074,0.437461541754,6.849085897736001,-8.3958889173835,-1.6270072629206,-0.871089993299,-0.62513688032175,52.37555,4.834858333,16.41165543,2.493314505,24.0,1.5,11.80000019
55.25,1.2520125718880002,14.8526317871828,-12.45515267152,-0.12970845120217817,12.467369454984356,-9.887049979955346,2.3886704065352475,1.2232326609855446,0.6346196717475248,52.37557333,4.834875,15.91169778,2.453680754,24.0,1.5,11.69999981
55.5,2.9937018860120004,0.280581537802,-2.955937980722,-2.422071087325,3.232108564362,-1.099699576301,-0.9628698742716,-0.20413800018904,0.121565119335015,52.37557333,4.834875,15.91169778,2.453680754,24.0,1.5,11.69999981
55.75,2.646124423617647,-0.7030506526113725,-7.76239273375098,2.098231279913861,6.9361042804414845,-7.8814756327199005,-1.651682658599208,-0.8754107596956435,-0.7215850258157029,52.37557333,4.834875,15.91169778,2.453680754,24.0,1.5,11.69999981
56.0,-3.1569676380239997,19.627091433605997,-6.8861927246159995,-1.3666981184540001,12.441375567109999,-9.411829952247,2.3143683695262998,1.1316882467075,0.6141588763116,52.37557333,4.834875,15.91169778,2.453680754,24.0,1.5,11.69999981
56.25,3.922475632326,8.188501228884,-1.120326223582,-2.1449566096162,5.6128608587227,-3.0452011775922,-0.312219882291,-0.57323612164448,-0.1555785047286,52.37559333,4.83489,15.4117345,2.477358103,24.0,1.5,11.69999981
56.5,1.028863987974,-2.809959008288,-6.444834224693199,0.77274208736099,3.2492601016237623,-5.493375925420793,-1.8463336354005841,-0.2284487483438614,-0.4371125004516832,52.37559333,4.83489,15.4117345,2.477358103,24.0,1.5,11.69999981
56.75,-1.52139482236,12.409866031874001,-12.893871835834,-1.4383725195677999,12.873054511227311,-9.9316279661554,1.6853924855153999,1.083153497596393,0.3720254956775,52.37559333,4.83489,15.4117345,2.477358103,24.0,1.5,11.69999981
57.0,0.6229756933647059,3.263172915505882,-7.50134051184902,-2.6012748643304953,6.533450868095049,-3.17593378239406,-0.7265486502080197,-0.5076118753691485,-0.41518056733021785,52.37559333,4.83489,15.4117345,2.477358103,24.0,1.5,11.69999981
57.25,-1.019241623366,-2.864211178123,-3.063910429168,1.7849250664298,0.964332017511,-4.48638317845032,-0.6314123699381,-0.1615515014434,0.140353123727,52.375615,4.834905,14.61177355,2.510300159,24.0,1.5,11.60000038
57.5,1.4649767910960003,8.25749093641,-12.038912486406,-1.920279222246,11.1529235507147,-9.6926284984592,0.608679487404,0.46685100365082,0.44963738692066,52.375615,4.834905,14.61177355,2.510300159,24.0,1.5,11.60000038
57.75,4.78933865762,7.70067746626,-9.14364199324,-2.137817932689703,10.619872810250495,-7.215380585170396,-0.38898477624980193,-1.263211133919109,-0.577509530200099,52.375615,4.834905,14.61177355,2.510300159,24.0,1.5,11.60000038
58.0,-2.3960703457059997,-0.6796514824652001,-4.517659812688,1.6001955740852,2.5748836647813,-3.538302169612,0.5034493715412001,1.0667318642437,0.13766499984891,52.375615,4.834905,14.61177355,2.510300159,24.0,1.5,11.60000038
58.25,-7.0903828340686275,1.9361554222274513,-6.332276489192156,-1.955835170319406,6.58939635169802,-5.221221042651287,-0.1827810475681188,0.29444195564455444,-0.24857821879386138,52.37563167,4.834916667,14.31180366,2.484564066,24.0,1.5,12.0
58.5,0.6669890392060001,6.1503488686092,-12.251038431976001,-0.4444005177826,14.386550219318998,-10.4135479924316,-0.48510961765890004,-1.1418192391947,-0.01529137602830001,52.37563167,4.834916667,14.31180366,2.484564066,24.0,1.5,12.0
58.75,-4.80274308921,4.214511806722,-3.7856787640097997,-0.6427827249970297,3.6700501158594063,-2.7738327948356436,1.166110258580099,0.647936754279703,0.5361424455623762,52.37563167,4.834916667,14.31180366,2.484564066,24.0,1.5,12.0
59.0,8.410282115318001,4.6640735382506,-6.694225474487999,0.501893964305,2.93215970105326,-5.0873657463579,-0.85824060912845,-0.039346991396300005,-0.432819749891,52.37563167,4.834916667,14.31180366,2.484564066,24.0,1.5,12.0
59.25,6.626688420192,11.547277349914,-13.012291890016,0.47338053080670006,14.757816714051,-10.192807975313,-0.643018741162,-1.1629667384825,0.0892801300449,52.37565333,4.834933333,13.61184368,2.419709206,24.0,1.5,12.19999981
59.5,-5.338619142123529,5.553308090033333,-10.695179774598039,-3.706148179250792,8.14937859740297,-4.92427301040297,2.6110242369307524,1.2081607640070298,0.5205872476861386,52.37565333,4.834933333,13.61184368,2.419709206,24.0,1.5,12.19999981
59.75,4.24463164318,-6.673541475742001,-1.6241651151334,1.6813921097345201,-0.5129895006334,-2.571952598036,-1.4701582377526001,0.25741649499769,-0.07229749929350002,52.37565333,4.834933333,13.61184368,2.419709206,24.0,1.5,12.19999981
60.0,3.519232239204,3.01992833594,-9.6382850058108,2.6135615462670296,11.49751542231901,-9.423694009616831,-0.9160004743138614,-1.173776245310792,-0.35645036570712874,52.37565333,4.834933333,13.61184368,2.419709206,24.0,1.5,12.19999981
60.25,-2.917325600515,12.127225074782,-12.514886313592001,0.716991082725,10.754660091402199,-9.3307309636276,2.4648964929816,1.1824999906397,1.0358094839251,52.37567833,4.834951667,12.81188933,2.423826933,24.0,1.5,12.39999962
60.5,-1.6359522685697998,0.470552054111,-7.83828408008,-2.7538261299602,4.2609871320448995,-1.6037055699173002,-0.4422481137793,0.0002653760712599951,-0.1830303814052,52.37567833,4.834951667,12.81188933,2.423826933,24.0,1.5,12.39999962
60.75,0.875465969217647,-1.5855224885980392,-8.45439554862549,2.154744137043356,5.814343326332673,-8.237620173958415,-2.0413045784532673,-1.0488431945949506,-0.7625368762956435,52.37567833,4.834951667,12.81188933,2.423826933,24.0,1.5,12.39999962
61.0,1.17779870958,14.262090378909999,-9.84519612629,-0.460177569554,12.858413162521002,-9.1980634751511,2.080772366011,1.1167323624967,0.6943901235948,52.37567833,4.834951667,12.81188933,2.423826933,24.0,1.5,12.39999962
61.25,4.176042050046,3.084803142284,-5.396337100732,-1.7774569973686136,6.137318610681485,-3.210159073443168,-0.10154308077207921,-0.3445818038518812,0.13068626913939604,52.375695,4.834965,12.51192041,2.407870531,24.0,1.5,12.60000038
61.5,0.937762079174,-4.4776413964902,-5.6703941872474,1.678581067289,2.6442856358660003,-4.8617942276949995,-1.7526726188097002,-0.31348073309729996,-0.92515498532,52.375695,4.834965,12.51192041,2.407870531,24.0,1.5,12.60000038
61.75,-7.219258401980392,15.834864330675492,-2.652520596718039,-1.8643783103960396,13.016229906389308,-9.117040566759407,1.4617393524707922,0.7618643549390098,0.5741441852948516,52.375695,4.834965,12.51192041,2.407870531,24.0,1.5,12.60000038
62.0,2.7202352882680003,4.213162559512,3.2258308851999997,-1.906017107575,7.409034357557,-3.5855266441420004,-0.339220757768,-0.21751675021720002,-0.44121825156999994,52.375695,4.834965,12.51192041,2.407870531,24.0,1.5,12.60000038
62.25,-0.42694229281199997,-3.29727295811,-4.0809100491598,2.350770081836,1.207663528775,-5.3963882573965,-1.2324138644648999,-0.41755449324720006,0.1232632541837,52.37571167,4.834976667,12.11195053,2.42537117,24.0,1.5,12.0
62.5,0.7837501226320001,18.525607266207,-11.939119933872,-2.9170026142346535,12.386964910048516,-7.978742422718514,0.9281127239217821,0.7849098958028515,-0.02226546898580199,52.37571167,4.834976667,12.11195053,2.42537117,24.0,1.5,12.0
62.75,0.2220453691844,11.95469143579,-10.882704786347999,-0.5435940356599999,10.257819547656,-5.508831268059001,-0.5776828781209,-0.6190896218388999,-0.25892624734709996,52.37571167,4.834976667,12.11195053,2.42537117,24.0,1.5,12.0
63.0,-1.5203150024941177,-0.9907093946196077,-6.282543666778431,2.142833267211881,0.3469291707588119,-3.2756437528952573,-0.020882307606732688,-0.08824096475598019,0.4711730116778218,52.37571167,4.834976667,12.11195053,2.42537117,24.0,1.5,12.0
63.25,2.4927343401680004,4.82359480628,-7.9493244508980005,-1.4117520646869999,10.227410010235,-6.795576302361,0.268320226545,0.3452212512779,-0.435076127378,52.375725,4.834985,12.11197404,2.393458366,24.0,1.700000048,12.19999981
63.5,3.256170575114,9.191851528299999,-12.2234292424004,-1.3605135519812002,13.780304135243,-9.232227404442,-0.32098412979410007,-1.317777991296,-0.372744624348,52.375725,4.834985,12.11197404,2.393458366,24.0,1.700000048,12.19999981
63.75,-3.737891370316,1.3164657770119998,-3.2498738186172,0.9448663565564358,2.14352384156703,-3.2319773673742573,0.8149311755761387,1.0554037112584158,0.3510769766720792,52.375725,4.834985,12.11197404,2.393458366,24.0,1.700000048,12.19999981
64.0,-4.950707135788,11.583656123539999,-3.0646448429579998,-0.7726739962399999,5.4311343131309,-5.6070872045127,-0.5196303773979001,0.45796574689229996,-0.1483226229117,52.375725,4.834985,12.11197404,2.393458366,24.0,1.700000048,12.19999981
64.25,-6.103666840263333,13.01323066671961,-8.600318785554903,-0.6541738067127724,14.340051157852475,-9.084491990484555,-0.5275003757127723,-1.3200462903571288,-0.03474665884325743,52.37574667,4.835001667,12.01201405,2.407870531,24.0,1.700000048,12.30000019
64.5,-7.888404813672,12.293558751464,-2.858217495426,-4.179544665973999,9.158524819076,-3.6121786560949998,2.38495948803451,1.2946106185162,0.468146252906,52.37574667,4.835001667,12.01201405,2.407870531,24.0,1.700000048,12.30000019
64.75,9.915468426742,0.6982428501839999,0.12230482369399992,2.8665580881618813,-1.188001506750198,-3.6212184700732677,-1.3527331639441584,0.028578221940099013,-0.26303070200445544,52.37574667,4.835001667,12.01201405,2.407870531,24.0,1.700000048,12.30000019
65.0,3.843705904784,4.987190473736,-9.669415090864,0.44583750683000006,13.1583306591096,-10.393933933396,-0.8522428645593,-1.74336249245661,0.15938311314530001,52.37574667,4.835001667,12.01201405,2.407870531,24.0,1.700000048,12.30000019
65.25,-9.310624688736,13.9312187781344,-6.950806995438,-2.217412657047,10.849077427356,-6.1706582775798,2.812596851882,1.360716500415,0.15588100478699998,52.37577833,4.835025,10.91207195,2.40066433,24.0,1.600000024,12.39999962
65.5,-7.536140306607843,-1.1061690003023528,0.305773730235098,0.870368441830109,-1.8293451358830695,-1.8745797930258417,-1.53464430337901,0.4174268497058515,-0.40518526570009905,52.37577833,4.835025,10.91207195,2.40066433,24.0,1.600000024,12.39999962
65.75,-0.5621603145120243,4.343633807788,-8.82162375169,1.574001116694,11.838047084118,-11.0458100504399,-1.0853383608232199,-1.6892864909812,-0.2224144992246,52.37577833,4.835025,10.91207195,2.40066433,24.0,1.600000024,12.39999962
66.0,-3.77464442696,16.089502011312,-3.3838289564488004,-0.8799460006873268,11.552543144871782,-8.693440515041287,2.491568051580594,1.4213361401971385,0.6707699273818811,52.37577833,4.835025,10.91207195,2.40066433,24.0,1.600000024,12.39999962
66.25,3.650417219768,0.6404217722459998,2.6270537376224,-2.1509925976194,1.660524074811,-0.534408051613,-0.9916939943587999,-0.30297574740987,0.18202800441455,52.37579667,4.835038333,10.61210536,2.390369892,24.0,1.600000024,12.30000019
66.5,3.5969059941492003,1.1541414943124,-9.023025571929999,1.773552065774,8.328823839804,-9.2826529382733,-1.3663677505798,-0.7149862301518,-0.7862332458767,52.37579667,4.835038333,10.61210536,2.390369892,24.0,1.600000024,12.30000019
66.75,0.3159807542941177,17.125099557313725,-7.50265987892549,-0.1722446274564356,11.769856013673268,-9.542248969268318,2.092984155386931,1.02177066200901,0.6818665752284158,52.37579667,4.835038333,10.61210536,2.390369892,24.0,1.600000024,12.30000019
67.0,5.019241088264,5.754356444306,-2.047647435678,-1.9270320768259,5.027878661039,-2.39302057475,-0.2188202607218,-0.4157436189314,0.2914505068848,52.37579667,4.835038333,10.61210536,2.390369892,24.0,1.600000024,12.30000019
67.25,0.8220883101900001,-3.7115642960086,-7.732971458395579,1.6583317689742574,3.0457174898023758,-7.142526548222773,-1.6929108850333663,-0.25193675082584155,-0.91721893182801,52.375825,4.835058333,9.212156653,2.345074415,24.0,1.600000024,12.5
67.5,-8.067099813383999,19.595715756314,-9.179185354058,-1.413703559439,13.614960754897,-9.6333214416044,1.736131383009,0.8457789919310299,0.43353612120069995,52.375825,4.835058333,9.212156653,2.345074415,24.0,1.600000024,12.5
67.75,-3.2788160031078433,6.198300249894118,4.969746681354902,0.4789767159368316,6.7429503371158415,-3.51108435350099,-0.7923171937763366,-0.35982116160936634,0.13325384803640594,52.375825,4.835058333,9.212156653,2.345074415,24.0,1.600000024,12.5
68.0,-2.602305491258,-4.1948442539485,-4.366975408766,0.35285403001700005,1.1907435112536,-4.948038210012,-1.14421860715119,-0.24689085914470002,-0.34579186892561997,52.375825,4.835058333,9.212156653,2.345074415,24.0,1.600000024,12.5
68.25,4.195872089222,18.27987412432,-9.9147811424774,-0.8536800291659999,13.7689311314398,-9.083694428074,1.471241723571,0.6492310013206,0.25325712677153,52.37583833,4.835068333,9.212181131,2.313161612,24.0,1.600000024,12.60000038
68.5,4.819308496108,6.59099953491,-7.21010934938,0.23488964951655447,8.13183446970693,-4.397835359664357,-0.5654462821942475,-0.44766595990663366,0.2673912104841584,52.37583833,4.835068333,9.212181131,2.313161612,24.0,1.600000024,12.60000038
68.75,-1.60499217315,-4.0024595805344,-6.100722423044,2.0169690895013,0.23156399134399996,-4.921708702212,-1.00424087152767,0.11973499306520002,-0.13715350049961,52.37583833,4.835068333,9.212181131,2.313161612,24.0,1.600000024,12.60000038
69.0,-0.8716595071313725,10.303028349588235,-12.50574414560196,-1.6703897017386138,12.581936716679207,-9.108682132820793,1.5305574335356438,0.49590668656504955,-0.1753928110178,52.37583833,4.835068333,9.212181131,2.313161612,24.0,1.600000024,12.60000038
69.25,2.555625152824,6.052708890068,-8.644213963812,-0.713887544209,9.616419519754,-4.3671362967223,-0.6286651215237,-0.7036452467626999,-0.2266921263819,52.37587333,4.835093333,8.61224466,2.298234701,24.0,1.600000024,12.5
69.5,-2.335989955992,-3.0321509915934,-4.937362826769999,1.112962553672,-0.760354536853,-3.93541371423941,-0.78513736854711,-0.301842744667,0.41889237665085,52.37587333,4.835093333,8.61224466,2.298234701,24.0,1.600000024,12.5
69.75,2.258803027402,7.054146325588,-10.397947756268,-0.34257623133663356,12.117817390938615,-10.333080160034653,1.1321913479623762,0.7258597688751485,-0.4275651051524653,52.37587333,4.835093333,8.61224466,2.298234701,24.0,1.600000024,12.5
70.0,2.889865881166,5.254686300055999,-7.8365468518500006,-2.1710145918559,9.703359513099,-6.1293318424888,-0.35021387492530004,-1.11598023824466,-0.48066698596143,52.37587333,4.835093333,8.61224466,2.298234701,24.0,1.600000024,12.5
70.25,-0.5914098917470588,-1.0902235902058823,-3.246122364245098,2.612864949511881,0.6629302243693069,-2.277271907761485,-0.1670502429969307,0.6360532119941583,0.3230800719583663,52.37588667,4.835103333,8.712269138,2.285366774,24.0,1.600000024,12.80000019
70.5,2.7959367458879996,6.9483421735662,-9.386951783468,-1.1922614969350003,12.1191500743203,-9.960201453098,0.62569236219,0.3540776168471,0.28022912920422,52.37588667,4.835103333,8.712269138,2.285366774,24.0,1.600000024,12.80000019
70.75,3.510552987342,5.1136948964278,-8.877324664314,-0.5317470611376237,9.819434145678219,-6.825690877260594,-0.15109071001000002,-0.7622972653889653,-0.37480049823168315,52.37588667,4.835103333,8.712269138,2.285366774,24.0,1.600000024,12.80000019
71.0,-2.292707006852,-1.4167720890475999,-3.3013590974142,1.8035536022015999,0.7952040194150001,-2.43754210666636,-0.07535138075919999,0.11066412510999997,0.3433182453929,52.37588667,4.835103333,8.712269138,2.285366774,24.0,1.600000024,12.80000019
71.25,0.4848252366834002,4.5954318241764005,-10.21522666992208,-0.9572639910189998,10.211850479927,-8.49304535035,0.3245000034927,0.5358306164942,-0.03332587539119999,52.37591833,4.835126667,8.112327033,2.323456049,24.0,1.600000024,13.30000019
71.5,3.4433326912778432,6.70382169625098,-11.892494486433334,0.11955889143475244,13.07235804192792,-9.424987573861099,-0.7992548129877227,-1.167138103030198,-0.06352501345247524,52.37591833,4.835126667,8.112327033,2.323456049,24.0,1.600000024,13.30000019
71.75,-5.259103341968,4.241654604292,-4.2222797468619,-0.9598695765240001,4.2002402090639,-1.9294771000573,1.0896531288542999,0.8262251250099,0.2066528745757,52.37591833,4.835126667,8.112327033,2.323456049,24.0,1.600000024,13.30000019
72.0,4.86739526981,-2.29083827427,-8.7069254475334,2.0048228258227723,2.9330838500463368,-4.945375482749505,-0.6426477829967326,0.305323508089703,-0.1757386114458911,52.37591833,4.835126667,8.112327033,2.323456049,24.0,1.600000024,13.30000019
72.25,2.9457711601699996,6.849120912592,-12.363601443105999,1.2905430565546998,14.532635120585,-10.472408070122,-0.761981009827,-1.2648844959707801,0.1201805072531,52.37595333,4.835151667,7.012390563,2.36566329,24.0,1.600000024,13.19999981
72.5,-6.230411088659601,12.688495716542,-5.5099002770156,-2.576328106785,8.990199419009,-4.7069447415343,2.4991766236676,0.8565232380429001,0.25647049465789995,52.37595333,4.835151667,7.012390563,2.36566329,24.0,1.600000024,13.19999981
72.75,7.513364357784313,6.312056805456862,-3.3039739232294116,2.191517939824753,-0.7165218014752475,-1.693743654627723,-1.1776248690208317,0.17231744868663368,-0.2894089105618515,52.37595333,4.835151667,7.012390563,2.36566329,24.0,1.600000024,13.19999981
73.0,3.3104476925040003,5.88481676376,-13.819249867066,1.738953048237,13.683626198134,-10.809293014929201,-1.1853517363006,-1.4674893788039,-0.144912629997737,52.37595333,4.835151667,7.012390563,2.36566329,24.0,1.600000024,13.19999981
73.25,-2.79251626129,10.676482462222,-10.2037267984466,-0.7700332280742574,9.752987184824752,-7.217912719281792,2.7805304412039606,0.9716022232299999,0.8201480118570297,52.37597833,4.83517,6.712436218,2.370810509,24.0,1.5,11.80000019
73.5,2.9945311191868003,-4.510114935976,-3.762414231198,-1.5054166142196002,-0.9330165175748,-1.712296586565,-1.7578976108251998,0.63400974598798,-0.536172990452148,52.37597833,4.83517,6.712436218,2.370810509,24.0,1.5,11.80000019
73.75,4.275633644447058,3.184488402282353,-10.510344973519608,1.9833625350402968,11.34945645407495,-9.423481663329703,-0.4363405716521782,-1.2587988798683167,-0.6465018540311881,52.37597833,4.83517,6.712436218,2.370810509,24.0,1.5,11.80000019
74.0,-4.143802874236,9.5242816798782,-1.7195513511176,-0.6045389440270001,11.4168380571748,-9.7306504336391,1.75249937003995,1.6676274849676,0.8142117404725,52.37597833,4.83517,6.712436218,2.370810509,24.0,1.5,11.80000019
74.25,2.982122541968,0.7182967331161998,2.3190812323067997,-2.2639576162729,4.5519437633112,-1.7841240971799102,-0.32406136523908996,-0.52818562084014,-0.1201873711821,52.376,4.835185,6.51247527,2.352280617,24.0,1.5,11.89999962
74.5,0.6920995134224,-2.69910300494,-6.701640386827201,0.6381416014702971,4.609212084877228,-7.017535022306435,-1.7734845215552475,-0.3776253643615842,-0.7687516107520692,52.376,4.835185,6.51247527,2.352280617,24.0,1.5,11.89999962
74.75,-6.724299501960001,18.191754766416,-11.4210318409136,-1.452021147884,12.737622603123,-8.519158905061,1.84692887516988,0.86359625576711,0.781453751863,52.376,4.835185,6.51247527,2.352280617,24.0,1.5,11.89999962
75.0,-9.392983843494118,7.54934850177647,-7.229448919596471,-2.7616323090739603,6.9175339516407925,-3.9564789317780202,-0.6300971553522773,-0.27354876231426734,-0.410728832569505,52.376,4.835185,6.51247527,2.352280617,24.0,1.5,11.89999962
75.25,-2.08347395042,-2.861419281707,-5.05706366819,1.590133585215,1.8498661010730002,-4.694058206907,-1.0843483660005,-0.5893332385173999,0.328281247206653,52.37603333,4.83521,4.312536467,2.342500925,24.0,1.5,11.10000038
75.5,3.3280834362759997,11.765344627668,-9.6703581981542,-1.959217581114,11.829395127767,-9.581400549487,1.328567625257,0.7379116333789,0.06497149297761001,52.37603333,4.83521,4.312536467,2.342500925,24.0,1.5,11.10000038
75.75,3.883142611582,7.090908087031839,-8.075701259396,-0.4515178533014852,9.033918243829703,-4.63442095991297,-0.8879872356883168,-1.1235356529568712,-0.06585160980930692,52.37603333,4.83521,4.312536467,2.342500925,24.0,1.5,11.10000038
76.0,-1.0271791051926,-2.059111161116,-6.5709581122014,2.4395326120931,0.10514551000199997,-4.31413071066955,-0.32748513721180006,0.3370468649446,0.10316762252372,52.37603333,4.83521,4.312536467,2.342500925,24.0,1.5,11.10000038
76.25,2.5322565631176466,5.968089459011765,-9.111467013086274,-1.8828490728059406,10.059131152682179,-7.583418194360396,0.4844342563217821,0.7263022258240595,-0.06476794672422774,52.37605667,4.835226667,3.412578821,2.357942581,24.0,1.600000024,10.89999962
76.5,5.1785173486880005,9.232166334274,-11.513647046594,0.3022905241896999,13.3172405355485,-8.871477446845999,-0.5352558632821001,-1.0569116291156702,-0.2281001302625,52.37605667,4.835226667,3.412578821,2.357942581,24.0,1.600000024,10.89999962
76.75,-5.966159855128,0.896640811252,-2.478974347208,-0.7783589673584158,2.751286781271287,-1.5085025664337228,0.8018278480074258,0.49329281358043564,0.40846348834465346,52.37605667,4.835226667,3.412578821,2.357942581,24.0,1.600000024,10.89999962
77.0,-3.40054108787,-0.24409488103600002,-6.0053988896399995,1.4775374734661,3.952884236855,-5.5339427328922,-0.7492306176947,0.45301986802201,-0.42786424365750003,52.37605667,4.835226667,3.412578821,2.357942581,24.0,1.600000024,10.89999962
77.25,1.2064119302842,6.843561460388,-10.4837833834574,-0.28757701159595,15.547091174676,-10.227280929335,-0.355228502175,-1.5136536170247001,0.277686751141,52.37608833,4.83525,1.312636717,2.374413729,24.0,1.5,11.0
77.5,-8.68080323057059,7.232047798990196,-0.7795890370156863,-3.0755615318920793,5.893333921920792,-2.524724370791881,2.0084093900219804,1.4868296941770693,-0.1244347782146099,52.37608833,4.83525,1.312636717,2.374413729,24.0,1.5,11.0
77.75,5.751448521362001,2.3298204123718,1.297031889326,2.9125665932216998,1.2438855588813,-4.8042932327556,-1.3752653592397,-0.12418725222822997,0.08774700097650001,52.37608833,4.83525,1.312636717,2.374413729,24.0,1.5,11.0
78.0,7.240162030794,10.778112825856,-8.547401450258,0.5949356466940495,15.220148687683167,-9.984334538013565,-0.6087914544514852,-0.9570272326418812,-0.2469064324950495,52.37608833,4.83525,1.312636717,2.374413729,24.0,1.5,11.0
78.25,-9.540834038808,9.080586196646001,-4.732013678844,-3.45781967387,8.652688833752,-3.338334147366,2.1431245031605,0.5530181267151,0.41991124738545194,52.37611,4.835266667,0.7126767378,2.397061348,24.0,1.5,10.89999962
78.5,-3.788027736106,-5.012119036292,-2.8295347170914202,3.10808264042,0.03392398222800003,-2.8086886331059997,-1.3659978519464,0.0853847500907,0.030434253583490004,52.37611,4.835266667,0.7126767378,2.397061348,24.0,1.5,10.89999962
78.75,-1.6732186811137257,6.775951397084314,-7.67178837444902,-0.5540703253871287,14.902843831254454,-10.297650493842871,-0.7516621322019802,-1.4664279580362376,0.06812785490247525,52.37611,4.835266667,0.7126767378,2.397061348,24.0,1.5,10.89999962
79.0,-4.45075724072,13.438069376644,-4.742838634136,-2.15714104149148,9.24971288666126,-4.8802877544775995,2.6104581008157997,1.3451638643644,0.5562136236234,52.37611,4.835266667,0.7126767378,2.397061348,24.0,1.5,10.89999962
79.25,7.720100305838,1.8817398891819999,-4.118800808414,1.031307962749307,0.09589902939752475,-2.4899496302272275,-1.472166209310792,0.06393477817661386,-0.09255111511665347,52.37613,4.83528,0.4127124887,2.367207527,24.0,1.5,10.80000019
79.5,4.128062620502,4.9807807657400005,-12.7867454559212,3.699382645489,12.163376106105,-9.222976889678,-1.3108809787934999,-0.6897082344922001,-0.1626349951164,52.37613,4.83528,0.4127124887,2.367207527,24.0,1.5,10.80000019
79.75,-2.1248713791607843,10.418981606594118,-10.900610408337256,0.03491435457722777,10.481976769381287,-7.159031046310199,2.26199889277582,0.6531100200490099,0.6462990140668317,52.37613,4.83528,0.4127124887,2.367207527,24.0,1.5,10.80000019
80.0,1.7096981746220001,-3.1044359043960004,-1.1121410775140002,-2.2068736231728,1.270470069065,0.170139016483,-0.6956014835158,-0.22255475220840001,-0.1165958765635,52.37613,4.83528,0.4127124887,2.367207527,24.0,1.5,10.80000019
80.25,4.439988389256,1.3417402137580001,-9.0475249793354,4.356582171741,10.185798384506,-9.392283494224401,-1.357386244486,-1.0102757465017,-0.5546708755955,52.37614833,4.835293333,0.1127459058,2.280219555,24.0,1.5,10.60000038
80.5,-5.80020308464,13.628339209454,-2.92637493309,0.5509203264226732,11.145756406344951,-8.166086504188119,2.174523020020495,1.0446364953748317,0.4827338979280198,52.37614833,4.835293333,0.1127459058,2.280219555,24.0,1.5,10.60000038
80.75,1.852649774022,1.6548442271108001,-0.24273585041600002,-3.2247136314060003,4.82114271837995,-2.033451085487,-0.23420926910399997,-0.27986749793069005,0.013056999180899998,52.37614833,4.835293333,0.1127459058,2.280219555,24.0,1.5,10.60000038
81.0,0.6065486780035294,-1.7076745146450982,-7.700887444327451,0.5612807316326733,4.99768686483401,-6.89443845119802,-1.747194781559505,-0.8353233810689109,-0.5133215333937425,52.37614833,4.835293333,0.1127459058,2.280219555,24.0,1.5,10.60000038
81.25,1.2020472990579998,17.0336531393396,-4.477137951964,-0.7569525638680001,12.4752921823336,-9.166681900874,1.8219492241327,0.9354839965101001,0.5242985096520001,52.37616333,4.835305,0.1127736871,2.168009996,24.0,1.5,10.80000019
81.5,3.4464076245479998,5.943663358904001,-3.947619688898,-2.33723109367381,6.419424232771999,-2.795499123798,-0.1504511244877,-0.79893687268736,0.1571735045296,52.37616333,4.835305,0.1127736871,2.168009996,24.0,1.5,10.80000019
81.75,-0.7479018917780001,-3.640328186032,-6.73869973479,1.3932044919148514,2.109136765523762,-6.100887941535643,-1.7265371168730397,-0.36216547137894056,0.010230813955069315,52.37616333,4.835305,0.1127736871,2.168009996,24.0,1.5,10.80000019
82.0,-0.0844102822740001,21.703792312380003,-8.73465191362,-2.2424581291409997,13.9949827030476,-8.887785430469,1.5405733573509999,0.835371613759285,0.24558187814096297,52.37616333,4.835305,0.1127736871,2.168009996,24.0,1.5,10.80000019
82.25,0.9452562303282352,10.20878436185098,-7.4908913001594115,0.019740607697524733,7.253422575543069,-4.108246196760396,-0.4059571838854852,-0.2853792110990495,-0.04509047695879208,52.37618,4.835313333,0.01280186663,2.079477787,35.25999832,1.5,11.0
82.5,-2.39908238946,-2.215531235662,-7.34702066907,1.9186035918075002,1.7505840709770002,-4.31207423739171,-0.9657092394213,-0.24311375493800003,-0.17824125157339998,52.37618,4.835313333,0.01280186663,2.079477787,35.25999832,1.5,11.0
82.75,2.3146272971199995,12.301250569204,-10.718458174719999,-1.6048411725405942,13.009424881386435,-8.497234555739604,1.297927844602277,0.028233776252079203,0.3216056846259406,52.37618,4.835313333,0.01280186663,2.079477787,35.25999832,1.5,11.0
83.0,3.7558680315738,6.378654902216,-8.97206712835,0.36867601457009996,8.576412413229,-5.240667244017,-0.3495689890037,-0.32245812316381506,0.025742756568999985,52.37618,4.835313333,0.01280186663,2.079477787,35.25999832,1.5,11.0
83.25,-1.88184656785888,-4.9208707604,-5.35687112860774,1.3336005616470001,-0.12524999358199995,-3.8025586533923,-0.94305199397385,-0.3829842458185,0.2194926248231,52.37618833,4.835318333,0.01281644037,1.969841957,54.47000122,1.600000024,10.89999962
83.5,-5.81257817987647,8.238136905960785,-9.654251924566667,-3.006404113123267,13.187376880950692,-8.400616733381288,1.1472754960818714,0.06286881369881188,-0.14207289567524753,52.37618833,4.835318333,0.01281644037,1.969841957,54.47000122,1.600000024,10.89999962
83.75,1.73211653079,4.3907782446715995,-8.180462225046,-2.162695588778,10.497417566583499,-5.425125286517,-0.743016983043963,-1.47800398947057,-0.269219502082,52.37618833,4.835318333,0.01281644037,1.969841957,54.47000122,1.600000024,10.89999962
84.0,-2.485681685214,-1.7157005575879998,-2.216805352084,1.2086272698465346,0.22255101346237618,-3.0288268886812872,0.2593903470431683,0.5881378667512971,0.7849207838952474,52.37618833,4.835318333,0.01281644037,1.969841957,54.47000122,1.600000024,10.89999962
84.25,5.2215737493376,13.603869535844002,-3.6066533524632,-1.62598356204739,9.995081030381,-6.863248838864,0.24791523220819997,0.30723825101726,-0.2620502525247,52.3762,4.83533,-0.2871604462,1.869471073,71.01000214,1.600000024,10.39999962
84.5,2.54496792788,12.588598527102599,-13.520987704674601,-1.6314750745250002,14.894219215859,-9.678049943589,-0.37012662318141004,-1.25800674018056,-0.04152225036241,52.3762,4.83533,-0.2871604462,1.869471073,71.01000214,1.600000024,10.39999962
84.75,-2.181772194607843,1.0184757702313727,-3.774807303466275,1.204676789720792,0.5016639240970298,-1.6771530407553468,0.6594581623663366,0.44603774594544554,0.5056787109992971,52.3762,4.83533,-0.2871604462,1.869471073,71.01000214,1.600000024,10.39999962
85.0,4.897961307876,2.3103450492279998,-6.698937201720001,-0.5299574781318,7.452157923072,-6.743401820412,-0.16968462680299998,0.17413000488879,-0.25705762180281,52.3762,4.83533,-0.2871604462,1.869471073,71.01000214,1.600000024,10.39999962
85.25,2.07401448313004,8.987764844512,-13.413439224546,-1.0170550109544554,14.932464944503366,-10.311860390957031,-0.5034188249033663,-1.8593212646993267,0.09590420828227723,52.37622333,4.835335,-1.487124866,1.762408853,58.18999863,1.700000048,9.899999619
85.5,-4.761205357366,5.197095342453999,-5.49825638112,-1.861837616581,4.997256215474,-2.617291633165,1.4870404830775998,1.3808396157499,0.4312934960422,52.37622333,4.835335,-1.487124866,1.762408853,58.18999863,1.700000048,9.899999619
85.75,6.3670221350196075,-3.155361653812745,-3.7759106807901963,2.66917286459505,2.1035778724059404,-5.180294780700991,-1.01933515518729,0.09225977889572773,-0.21924987605346535,52.37622333,4.835335,-1.487124866,1.762408853,58.18999863,1.700000048,9.899999619
86.0,1.938722627192,8.5716135024302,-11.63622824438,-1.3774620475242,16.0639837934,-10.134433982542,-0.6348265092188,-1.7236972476144001,0.006026615238250001,52.37622333,4.835335,-1.487124866,1.762408853,58.18999863,1.700000048,9.899999619
86.25,-6.70988230749,6.596454404878,-3.27055506957426,-2.5607925992049996,5.1827117661169995,-2.8059571053131998,1.67565748257507,1.4541422434274,0.39511999544785,52.376225,4.83536,-2.187108014,1.780938864,111.5500031,1.700000048,10.0
86.5,8.189481821634,-1.8978133944166,-8.0026047373832,2.854146761520792,1.816477789269604,-4.75191704029505,-1.0954815522361485,-0.28651188209453465,0.1626543309759406,52.376225,4.83536,-2.187108014,1.780938864,111.5500031,1.700000048,10.0
86.75,-0.2063505087146001,9.934663294042,-14.094454735678601,-0.9789750797789999,15.729965301405,-10.5209224813,-0.557590000332,-1.4531068739,0.18302625050979998,52.376225,4.83536,-2.187108014,1.780938864,111.5500031,1.700000048,10.0
87.0,-10.018476255350981,7.262367882915687,-2.7081210981647064,-2.6186496168544555,6.88278584070396,-2.037043175201782,1.894564835887723,1.4558949205528713,0.061399877449405955,52.376225,4.83536,-2.187108014,1.780938864,111.5500031,1.700000048,10.0
87.25,-0.18860583560821975,-4.593439563522,-1.2085223521719999,3.8777656274165997,0.42691798794089997,-4.8165256878778,-1.1509203708071,-0.16566825253285,0.021839133770099998,52.37622,4.835385,-2.387100497,1.736158013,117.2799988,1.700000048,10.10000038
87.5,0.21606882151399998,6.0039464669498,-6.809466223116,-0.13241289056831682,14.477712604860397,-9.032308353741088,-0.8347257594772277,-1.4062982775341586,0.14751162833039605,52.37622,4.835385,-2.387100497,1.736158013,117.2799988,1.700000048,10.10000038
87.75,-7.718016214306,10.262175393032,0.15800035647200003,-2.8008436385340003,9.9940954287277,-4.7992442139001,2.4175071105518002,0.910065745864,0.045054637612399986,52.37622,4.835385,-2.387100497,1.736158013,117.2799988,1.700000048,10.10000038
88.0,4.946217506516,-2.835924491262,3.1216959647245197,2.692090706826,-1.6548720626605,-1.77458257951561,-1.7760434908096,0.3749638740498,-0.477852368591237,52.37622,4.835385,-2.387100497,1.736158013,117.2799988,1.700000048,10.10000038
88.25,4.183804275499804,7.384560852413138,-12.909632723811765,-0.6155242458940595,13.78338916860495,-11.352312461101981,-0.36841559545871283,-1.4401627259144554,0.19223724587693067,52.376215,4.8354,-2.387098788,1.69909811,118.0999985,1.700000048,10.39999962
88.5,-10.545746929846,12.006735486724,-5.9586473241406,-2.279643160299,9.890043502898,-4.5999647412214,2.490882614694,1.2906341076394,0.2429281243781,52.376215,4.8354,-2.387098788,1.69909811,118.0999985,1.700000048,10.39999962
88.75,-5.171971347047999,-6.975955229944,0.13971723333999997,0.011563343925544525,-0.4228470390168317,-1.6627515830782178,-1.164256064539703,-0.09532016775129702,0.04059108568387128,52.376215,4.8354,-2.387098788,1.69909811,118.0999985,1.700000048,10.39999962
89.0,2.536753445312,3.58829168215,-8.374885955128,4.4004392312319,12.047589542696,-10.080602014114401,-1.6137522366075001,-0.46029637552939995,-0.1069598680251,52.376215,4.8354,-2.387098788,1.69909811,118.0999985,1.700000048,10.39999962
89.25,-4.773664206388,12.651583713746799,-10.553552955956,-2.005936640227,11.535400999289,-6.101914752883601,2.69977122978958,0.342381876308485,0.07225624742068,52.376205,4.83544,-2.787089562,1.655861378,121.4800034,1.700000048,10.69999981
89.5,4.301654562053725,-3.6622617107294118,-3.58735761534451,1.019195097680099,-0.05986191381960394,-1.3722416651476237,-1.3115866269073266,0.35947264672603957,0.27566571544742574,52.376205,4.83544,-2.787089562,1.655861378,121.4800034,1.700000048,10.69999981
89.75,5.2649038992736,4.56582588706,-11.814337036306002,3.0240001388439,12.351720518152,-9.859831971154,-1.1613813624019,-0.80591225859482,-0.5451338768724,52.376205,4.83544,-2.787089562,1.655861378,121.4800034,1.700000048,10.69999981
90.0,-9.24655762664,12.728082115864,-8.946920037774,-0.8448490438356435,10.747417364768317,-6.529460195559405,2.6962728742346536,0.7504967782041585,0.27954021599,52.376205,4.83544,-2.787089562,1.655861378,121.4800034,1.700000048,10.69999981
90.25,-2.46334188587,-6.793849662010801,-2.1758041292779997,-2.0054610745252,0.497722487884,-1.501642545167,-1.27638224059935,-0.13756737504997,0.2215152473346,52.37620667,4.835455,-2.387078517,1.632184148,114.4599991,1.799999952,10.89999962
90.5,4.161001387605882,1.8936076663588237,-8.844236452257451,4.816402218977228,10.367854904142773,-9.337816844696732,-1.5188072921635645,-0.5479946636417624,-0.4567396004507426,52.37620667,4.835455,-2.387078517,1.632184148,114.4599991,1.799999952,10.89999962
90.75,-2.5451365140261997,12.2076635070272,-13.106127145319999,-0.14847751544199997,11.473770654246,-9.170782945503,2.743672263427,0.7960246215914001,0.18398186906510003,52.37620667,4.835455,-2.387078517,1.632184148,114.4599991,1.799999952,10.89999962
91.0,1.093980190486,0.2933532727545999,-3.7825853537306,-2.9011921199536,3.4786816821827,-0.06008100884959999,-0.9462227516270001,0.001091755824500007,0.6078214988055499,52.37620667,4.835455,-2.387078517,1.632184148,114.4599991,1.799999952,10.89999962
91.25,3.72767800969,-1.0337691370364002,-11.114126755817999,4.526376504170297,6.770336422341584,-9.686970770265248,-1.702414709189614,-0.9664602688,-0.7719426927247525,52.37621,4.835478333,-2.187060298,1.650714159,123.75,1.799999952,10.89999962
91.5,-3.1207851015020003,18.5081470107138,-11.683878012766,0.8165624706713001,12.91647961569131,-8.4974164008869,2.3790992321987,1.2395363719433,-0.0826223786626,52.37621,4.835478333,-2.187060298,1.650714159,123.75,1.799999952,10.89999962
91.75,-7.735632089268628,9.15060520875294,-8.890665567670391,-2.2544762953871285,5.993891898056237,-3.351885291937624,-0.3777737681485149,-0.25852450473859406,0.05473317516158417,52.37621,4.835478333,-2.187060298,1.650714159,123.75,1.799999952,10.89999962
92.0,-2.045055678902,-3.26647678175638,-7.643598247018,1.3222876354537,3.1653211903610003,-5.5221497380765,-1.3212539972521,-0.35763475539824,-0.7730387421378001,52.37621,4.835478333,-2.187060298,1.650714159,123.75,1.799999952,10.89999962
92.25,-4.06609735502,17.0034690936712,-1.6844382652516001,-0.9200085125213998,13.537347645526,-8.724492409114,1.6557997306119001,0.1348531207986,0.539257121155,52.37620333,4.835483333,-1.987066731,1.712995529,119.4400024,1.799999952,11.10000038
92.5,5.148000716984,7.297576933148,-0.93855845303,-2.145206530470099,7.286877055460396,-4.309534385527723,-1.0243123729711883,-0.03202388581020792,-0.5368925688576237,52.37620333,4.835483333,-1.987066731,1.712995529,119.4400024,1.799999952,11.10000038
92.75,0.2663388156799999,-3.81681851502868,-6.6286919668048,1.091553055551,0.8332095054573,-4.5966377473386,-0.7402037551878,-0.53863974930647,0.1153528761302,52.37620333,4.835483333,-1.987066731,1.712995529,119.4400024,1.799999952,11.10000038
93.0,-2.875063736645098,7.872717446019608,-10.950855803358824,-1.4318540497554455,12.791370945560791,-9.203033620478218,1.3684367567374356,0.8181113865047525,0.43825606539215844,52.37620333,4.835483333,-1.987066731,1.712995529,119.4400024,1.799999952,11.10000038
93.25,2.4386305243999997,4.3880235847692,-7.51411522946246,-1.777266099977,7.984371365217999,-3.92001916906,-0.9141494860067,-0.4727140043824,-0.7412968698905,52.37619167,4.835525,-2.187058871,1.812336922,121.6500015,1.799999952,11.19999981
93.5,-1.160490758128,-3.5971602071830002,-6.057996563512001,2.394392179758416,0.17765348231297035,-5.155082924216832,-0.06012562145419802,0.07867996089633664,0.3758188076974752,52.37619167,4.835525,-2.187058871,1.812336922,121.6500015,1.799999952,11.19999981
93.75,-3.6243363192999998,15.6737382707376,-1.109651232276,-3.3257688278810003,11.0067725277873,-7.8078273019409,0.36927687187740005,0.48801224876059995,0.30753800445678,52.37619167,4.835525,-2.187058871,1.812336922,121.6500015,1.799999952,11.19999981
94.0,6.003979067072001,7.917203221009999,-4.401099263174,-0.7955490353077,11.741660043528,-7.0438908951257,-0.5110104927832999,-1.3557293759212001,-0.276628002787,52.37619167,4.835525,-2.187058871,1.812336922,121.6500015,1.799999952,11.19999981
94.25,-2.7094476009039217,-2.2878401528156864,-0.3049488047835294,1.0825916248386138,0.5163950922910892,-3.1236788443189107,0.5422537093872277,0.720241330680396,0.2885648484139505,52.37618,4.83556,-2.187054884,1.948738337,118.0999985,1.799999952,11.60000038
94.5,-0.545658476693,6.113943137242,0.80636908992,-0.979591602846,8.293801917202,-6.724975793244999,-0.04639249609400003,0.6917061199552,-0.06783149170889999,52.37618,4.83556,-2.187054884,1.948738337,118.0999985,1.799999952,11.60000038
94.75,4.64579616007,9.51041327910986,-10.195747546423199,-0.3182999965132673,14.989355177596138,-9.130045879637128,-0.6277174411442574,-1.782970656480693,0.08243465633425742,52.37618,4.83556,-2.187054884,1.948738337,118.0999985,1.799999952,11.60000038
95.0,-5.382739723818,2.352553269256,-0.05493412269659999,-0.45113097120000006,2.7694846883455,-2.8817401641644,1.1380654863872999,1.5149488665550002,-0.007488252289960005,52.37618,4.83556,-2.187054884,1.948738337,118.0999985,1.799999952,11.60000038
95.25,0.8781803373600002,5.529785298722399,2.176818368878,0.8240041171520999,3.589479202162,-4.8162601983682,-0.7480769696176001,0.53336799186235,-0.547828871951,52.37616667,4.835605,-2.487047424,2.010504961,122.0299988,1.799999952,11.89999962
95.5,5.341354729115687,10.818391613705687,-5.472204162467981,-0.17754508091980195,15.757745853063366,-9.75633013840495,-0.4141785732891089,-0.9231817998527723,-0.15867363862052475,52.37616667,4.835605,-2.487047424,2.010504961,122.0299988,1.799999952,11.89999962
95.75,-6.29772362797,7.7664880516638,-5.837971955194,-2.227144599238,5.976079812145,-3.9199906710534997,1.885846871361978,0.5913242462353999,0.38719038065815,52.37616667,4.835605,-2.487047424,2.010504961,122.0299988,1.799999952,11.89999962
96.0,6.9681808568040005,-2.54875663276834,-8.970854646452,2.66411297036198,1.0705485481786932,-4.077870455455248,-1.0721528433967327,0.35680840829456434,-0.2995267289238614,52.37616667,4.835605,-2.487047424,2.010504961,122.0299988,1.799999952,11.89999962
96.25,3.046479430206,8.8939953567178,-13.03619946214,-0.15248100217869998,16.04261181449,-10.61029844454835,-0.7786789956878999,-1.7389487411887001,0.1914687495,52.37615333,4.835633333,-2.687049642,1.904986978,127.4100037,1.799999952,12.0
96.5,-5.367873465354902,10.24967617390196,-6.404441907135294,-2.0957362183197032,7.425426578735643,-3.7456383055960396,2.1051944141627326,1.026509652758297,0.010692318077554434,52.37615333,4.835633333,-2.687049642,1.904986978,127.4100037,1.799999952,12.0
96.75,6.2279879880798,-3.9774775825339996,-7.142455759000001,2.1176865876357,0.18615000329199996,-3.6025681908777,-1.3396033512572,0.27107574767316,0.2401863730814,52.37615333,4.835633333,-2.687049642,1.904986978,127.4100037,1.799999952,12.0
97.0,5.4365082757022005,7.510222690098,-11.2633848151102,1.177924596655,14.797790093921998,-9.795372541432,-0.8230021153127,-1.2648817445345,-0.08329612853819998,52.37615333,4.835633333,-2.687049642,1.904986978,127.4100037,1.799999952,12.0
97.25,-9.808781809836,10.779686026176,-3.988131983764,-1.7859327421136635,10.24479405322396,-4.173631409654456,2.4594066737458418,1.0063815580872277,-0.023987625933465335,52.376145,4.835668333,-2.587040987,1.860720873,116.5299988,1.899999976,12.0
97.5,-3.021135078176,-2.7870707544160003,5.23425321882,1.2968025756075,-1.07957858090774,-2.4715290783612,-1.0100928596442,0.2965902472649,0.2063737473594,52.376145,4.835668333,-2.587040987,1.860720873,116.5299988,1.899999976,12.0
97.75,3.1849071230945096,5.86959141285098,-5.5154030917000005,3.713259080181881,13.316286273302971,-9.76842220930594,-1.5649296725779207,-0.9644631163548713,-0.096942946450198,52.376145,4.835668333,-2.587040987,1.860720873,116.5299988,1.899999976,12.0
98.0,-0.19592116822000008,14.9628185144998,-6.5472812481508,-0.23698800328090003,10.5286010408526,-7.3704273957529995,2.7352599908669997,0.63579035878571,0.4198383786131,52.376145,4.835668333,-2.587040987,1.860720873,116.5299988,1.899999976,12.0
98.25,4.1939043684968,-0.3095113233459999,1.2935539484999998,-2.7671326453913,-1.569792030562,-0.7089210327340001,-1.2303018887800001,0.1680854955905,-0.80417286526,52.37614833,4.835723333,-1.687004378,1.879765511,120.0899963,1.899999976,12.0
98.5,3.674991120486,4.6440585059172,-12.0484300196,1.3635207949172279,12.542611520809901,-10.176973289387544,-1.1341313004486633,-1.4365741127640594,-0.21638960231544555,52.37614833,4.835723333,-1.687004378,1.879765511,120.0899963,1.899999976,12.0
98.75,-7.68179513214,16.807953748168,-2.5631088151120003,-2.444943094588,12.487431614276,-6.776061301612,2.1686651094466898,1.166584371712465,0.6372684923821,52.37614833,4.835723333,-1.687004378,1.879765511,120.0899963,1.899999976,12.0
99.0,0.8100333805686273,-0.8548298606607841,6.712982812462744,-1.1069153955150495,1.581938618459802,0.20220151340079204,-0.6466134798957426,-0.021392822520613863,-0.11469406478920793,52.37614833,4.835723333,-1.687004378,1.879765511,120.0899963,1.899999976,12.0
99.25,3.067946642302,2.540046239952,-5.669381712273999,1.2285870142007003,9.133732942146,-8.9617189300669,-1.29366873597031,-0.9173931041912,-0.39277563243210006,52.37613167,4.83577,-0.08700061914,2.00947547,125.7699966,1.899999976,11.10000038
99.5,-1.1869199001905997,16.778802309668,-2.9866729500796,0.8602678399483169,11.822214975247723,-8.505838062013922,2.256979459749505,1.24435593255901,0.42592870970267327,52.37613167,4.83577,-0.08700061914,2.00947547,125.7699966,1.899999976,11.10000038
99.75,2.530916585786,3.5130879866960005,1.5033180105864,-2.8311376238878,5.7597782606953,-3.1456126460271996,-0.18522487638119997,-0.6466734960338001,0.38924462671500004,52.37613167,4.83577,-0.08700061914,2.00947547,125.7699966,1.899999976,11.10000038
100.0,0.705775657934,-3.5973319658140004,-5.5946205770288,1.6505850688134,3.137148113554,-5.627821693467899,-1.9916421141928,-0.09072937356050005,-0.7080782422847,52.37613167,4.83577,-0.08700061914,2.00947547,125.7699966,1.899999976,11.10000038
100.25,-0.9040741101764704,21.197067650558825,-11.821603554466861,-1.0140030148514851,13.642081875646337,-10.720761927509901,2.0072712949897027,0.7987007408450495,0.2890358897882178,52.37611667,4.835813333,0.4130035383,2.18499589,122.4800034,1.899999976,11.19999981
100.5,4.518486418987,10.895640199072,-4.840855429536,-1.1852715799070999,7.073146777150701,-3.3455866408277,-0.4911417427659,-0.34005262724330004,-0.20358524562907,52.37611667,4.835813333,0.4130035383,2.18499589,122.4800034,1.899999976,11.19999981
100.75,0.19320290813000007,-3.0883036141835998,-9.351464184684,0.7391466350234654,0.8208728513891089,-5.3681646432297025,-1.180024991938099,-0.7029952743356436,-0.0597321784218812,52.37611667,4.835813333,0.4130035383,2.18499589,122.4800034,1.899999976,11.19999981
101.0,0.9920604672479996,9.557630910486,-9.741349757792,-1.9668391114939998,12.675135609607201,-9.205977455707,1.2334272432386,0.85650261174796,0.0817217542333,52.37611667,4.835813333,0.4130035383,2.18499589,122.4800034,1.899999976,11.19999981
101.25,5.105750639914,4.0987655444648,-5.62659225643,0.0078120090520000214,9.152341935955,-3.7419751123605,-0.63319160956591,-0.6886288753698,0.2494552529181,52.37609333,4.835905,1.113024093,2.230806112,130.7700043,1.899999976,11.30000019
101.5,-2.3312865031431373,-3.1298700622764706,-3.133112701388235,1.3672723485069307,0.16455297246039605,-4.308381911837524,-0.643996906527594,0.11262338952555448,0.023607796177425745,52.37609333,4.835905,1.113024093,2.230806112,130.7700043,1.899999976,11.30000019
101.75,6.275504491494001,13.965793550604001,-9.255088441822,-0.9200279710730002,12.1375716165627,-8.91209746981,0.8405155074525998,0.373174998714,0.18935399818149,52.37609333,4.835905,1.113024093,2.230806112,130.7700043,1.899999976,11.30000019
102.0,5.8364683303302005,10.1461125026602,-8.010989422935399,-1.0345752630039406,11.70022331780792,-7.209411790849703,-0.30141497554039604,-0.8148848946699109,-0.42392202422287123,52.37609333,4.835905,1.113024093,2.230806112,130.7700043,1.899999976,11.30000019
102.25,-2.138944839656,-2.8004279698584003,-3.41439169862,2.025081094443,-0.7078529866212999,-2.195695630982,-0.11094049384230001,0.38779262477255005,0.1625249959503,52.37608833,4.835931667,1.713032576,2.222570658,129.6699982,1.899999976,11.5
102.5,0.3231751407313725,8.447222846794118,-13.734358622394117,-0.8148772722801979,11.005733732956337,-8.333425662284158,0.2721587851069307,0.7590285752456436,0.014535523835148516,52.37608833,4.835931667,1.713032576,2.222570658,129.6699982,1.899999976,11.5
102.75,1.4635432170868798,8.438677750969,-12.747525074299999,0.0528960234169001,11.6059670124434,-8.252013296514,-0.11690386772719996,-0.8922058689028001,-0.1787637480909,52.37608833,4.835931667,1.713032576,2.222570658,129.6699982,1.899999976,11.5
103.0,-1.6468531503,-0.5037102746879999,-3.3488915027806003,2.5153516287496003,0.3888645369103,-2.0403375843883,-0.18374537629469997,0.6224226306595,0.333159748689122,52.37608833,4.835931667,1.713032576,2.222570658,129.6699982,1.899999976,11.5
103.25,1.170991132935,6.553169752622,-10.10602172716,-2.0423347099297033,11.028763915171288,-7.151594873729703,0.43733303403386137,0.14296460006613862,-0.16591349373551487,52.37608833,4.835946667,2.313041287,2.161833286,124.2699966,2.0,11.5
103.5,6.0298533432750006,10.935724065654002,-12.213807200704,-0.36792602360895005,13.346231091573399,-8.951482906787,-0.6366470031863,-1.2004423757937,-0.0499633695393,52.37608833,4.835946667,2.313041287,2.161833286,124.2699966,2.0,11.5
103.75,-2.9872054231411767,0.11205286033725491,-4.74886826432549,1.3239237997455446,1.0878861903377226,-1.7411139271574259,0.4079311824312871,0.854778957518,0.1729246304737624,52.37608833,4.835946667,2.313041287,2.161833286,124.2699966,2.0,11.5
104.0,-0.2575647850920001,-0.356418329576,-7.633024040264001,-0.9118875510151,6.833826292232,-6.2127032707900005,-0.03512849803219999,0.4381533678431,-0.256961373336037,52.37608833,4.835946667,2.313041287,2.161833286,124.2699966,2.0,11.5
104.25,4.104894199548,7.7700471231054,-10.893669343777201,0.10283400283310003,15.225621726804,-9.928242441267,-0.73623412933317,-1.10897736423004,0.1572175008259,52.3761,4.835966667,3.113069241,1.997636914,94.79000092,2.099999905,11.69999981
104.5,-8.760901919583999,8.27145170092358,-3.703308649424,-2.316404072231683,7.541967625971287,-3.574219449250891,2.0403638481317823,0.6451050658753466,-0.18108614175386137,52.3761,4.835966667,3.113069241,1.997636914,94.79000092,2.099999905,11.69999981
104.75,-0.6848279539000001,2.290368477824,2.9293779298920004,2.3845980740190003,0.675770980399,-3.251881667217,-1.126725865743,0.40590412177170004,-0.11200062912425,52.3761,4.835966667,3.113069241,1.997636914,94.79000092,2.099999905,11.69999981
105.0,3.3783216136019605,9.863050790664706,-3.3004953151009215,1.2953540393468317,14.827941778114852,-9.584687150365744,-0.9828785855787128,-1.3988637338511882,0.34205371950138613,52.3761,4.835966667,3.113069241,1.997636914,94.79000092,2.099999905,11.69999981
105.25,-6.601835635944,11.7596414950782,-6.6089153738032005,-3.3779146596462,9.240009368761001,-4.9963682230311,2.6916518779258003,1.1139301145759,0.4486377538221,52.37611333,4.835978333,3.91309469,1.886456966,90.13999939,2.200000048,11.80000019
105.5,6.089511151008,-4.342422607546,-8.3576128421846,2.2568421772333664,-1.1370460707650396,-3.0633744058346535,-1.387287856540099,0.40220383304980195,-0.4407719007020792,52.37611333,4.835978333,3.91309469,1.886456966,90.13999939,2.200000048,11.80000019
105.75,3.5882220315659996,4.9075372595232,-10.652992910043999,2.5990621268098,13.387797652483,-9.719881948493999,-1.3123109767115,-1.1239689840343,-0.029897996219299963,52.37611333,4.835978333,3.91309469,1.886456966,90.13999939,2.200000048,11.80000019
106.0,-7.056962658954001,14.098832039978,-8.057570639522,-3.426552164381,10.240452549163999,-6.0169847747968,2.86633324484549,0.8752356265197,0.3252163660291,52.37611333,4.835978333,3.91309469,1.886456966,90.13999939,2.200000048,11.80000019
106.25,5.245696662533333,0.23562714062196077,-9.103134191137254,0.8534317228960396,-1.0481822012930693,-2.213472858262178,-1.6209289433286633,0.3689370015642475,-0.360602598830297,52.376115,4.83598,4.413097992,1.797924757,104.0,2.200000048,12.10000038
106.5,2.43757708494,4.979370275848,-11.093242336478,2.7555346482078,13.294524637995,-9.915101015558001,-1.1496292364835,-1.42714824082689,-0.062298487930699996,52.376115,4.83598,4.413097992,1.797924757,104.0,2.200000048,12.10000038
106.75,-0.77545366794,13.137352311977999,-8.526483628021,0.005526178702079226,10.637623150118761,-7.263775613285247,2.5558894610110894,0.9379827863904258,0.6579783370923762,52.376115,4.83598,4.413097992,1.797924757,104.0,2.200000048,12.10000038
107.0,2.2060690250810002,-1.860400846654,-2.33216674133162,-2.5067295962669998,-0.514836021605,-0.06283952055000003,-1.2912212347863,0.06529049562209999,-0.405990751897,52.376115,4.83598,4.413097992,1.797924757,104.0,2.200000048,12.10000038
107.25,1.2221546763156863,4.353964228397647,-11.981356476184313,1.813498594311683,12.210867959213862,-9.221425740290108,-1.1811059338668317,-0.8088512347781188,-0.25579084299158417,52.37611,4.836013333,4.513110347,1.716083884,104.0,2.099999905,12.30000019
107.5,3.14279787056,12.412723417960802,-11.7127775061692,2.629764155888,10.970198004325,-9.0187699853652,2.5650459765207,0.5012686285224001,0.7611037453416201,52.37611,4.836013333,4.513110347,1.716083884,104.0,2.099999905,12.30000019
107.75,1.035394265792,1.4300917725139999,-3.570029858382,-3.4263571412235,3.02613762483515,-0.23394449313500004,-0.7791671220857,-0.28689511566407,0.21925061543930002,52.37611,4.836013333,4.513110347,1.716083884,104.0,2.099999905,12.30000019
108.0,0.12019420277179994,0.2849329242639999,-10.528370608360001,1.8297921566079207,7.957644458963168,-9.807640538737624,-1.8729405860188117,-0.3791079137406931,-0.3717591529094059,52.37611,4.836013333,4.513110347,1.716083884,104.0,2.099999905,12.30000019
108.25,1.841050649118,12.797277146895999,-11.549799885924001,0.08584050723049995,11.800578599482002,-8.824422414833,2.1992492363739,1.006087491948,-0.1695361287687,52.37611333,4.835991667,4.713102433,1.564240813,104.0,2.099999905,12.60000038
108.5,4.766800331162745,4.426102181821569,-6.43552570044902,0.6479242711511882,6.013323565595742,-2.1207015647477823,-0.20854665147465345,-0.3806258655918119,0.7433032172028217,52.37611333,4.835991667,4.713102433,1.564240813,104.0,2.099999905,12.60000038
108.75,-0.466164916744,-2.9130272797280004,-8.1891286996296,0.8218020582752,3.827016135148,-6.6471768450007005,-1.8495399896568,-0.3367567444156,-0.76738887512307,52.37611333,4.835991667,4.713102433,1.564240813,104.0,2.099999905,12.60000038
109.0,-1.42841074596,11.579763304716,-12.693408413581999,-0.22697999305099992,13.54019617495,-9.764970496168,2.0229082398622,0.45398374730729996,-0.08330850433119999,52.37611333,4.835991667,4.713102433,1.564240813,104.0,2.099999905,12.60000038
109.25,5.805409835640001,1.880797363384,-4.395314621764,0.5324970815980199,4.311343272130693,-2.433622375211386,-0.14572685274009906,-0.2778126246363862,1.0946606271668318,52.37611,4.836011667,4.913109379,1.330042243,104.0,2.099999905,12.69999981
109.5,1.5210347872038,-2.024501333146,-7.919030846316,2.0063835963759997,5.169637765553,-6.3938808374221,-1.9023289995697,-0.035777503058699985,-1.19602586217961,52.37611,4.836011667,4.913109379,1.330042243,104.0,2.099999905,12.69999981
