"Time (s)","Latitude (째)","Longitude (째)","Height (m)","Velocity (m/s)","Direction (째)","Horizontal Accuracy (m)","Vertical Accuracy (째)"
5.982398987E-2,5.238584257E1,4.905285880E0,-1.614848733E0,NaN,NaN,2.270467256E2,2.370596886E1
1.147830009E0,5.238590199E1,4.905319232E0,1.180385971E1,2.700000107E-1,NaN,4.097610561E1,6.400000000E1
2.034209013E0,5.238590140E1,4.905313533E0,1.096548080E1,2.700000107E-1,NaN,4.296491129E1,6.400000000E1
3.030689001E0,5.238611962E1,4.905289477E0,1.127101898E0,2.700000107E-1,NaN,3.530416380E1,8.000000000E0
4.037643909E0,5.238618886E1,4.905207418E0,-5.588531494E-3,5.400000215E-1,2.925000000E2,3.595977183E1,6.000000000E0
5.035037994E0,5.238614833E1,4.905162826E0,1.084377289E0,9.700000286E-1,3.181640625E2,3.403865468E1,6.000000000E0
6.033925056E0,5.238612876E1,4.904959733E0,1.292385101E0,8.799999952E-1,3.009375000E2,2.472309062E1,4.000000000E0
7.040868044E0,5.238624636E1,4.905046904E0,8.332786560E-1,8.799999952E-1,3.009375000E2,2.522535502E1,4.000000000E0
8.033508062E0,5.238606330E1,4.905067272E0,9.508934021E-1,8.799999952E-1,3.237890625E2,2.916490598E1,4.000000000E0
9.042682886E0,5.238611325E1,4.905102812E0,1.448207855E0,9.200000167E-1,3.213281250E2,3.274951916E1,6.000000000E0
1.004290700E1,5.238601552E1,4.905159306E0,2.327846527E0,1.110000014E0,3.403125000E2,3.442874136E1,6.000000000E0
1.104492784E1,5.238601535E1,4.904993596E0,9.278831482E-1,1.139999986E0,3.385546875E2,3.112512707E1,4.000000000E0
1.204456186E1,5.238613186E1,4.905037936E0,1.173854828E0,1.139999986E0,3.336328125E2,3.337642205E1,4.000000000E0
1.304631090E1,5.238613236E1,4.905023938E0,1.530300140E0,1.200000048E0,3.318750000E2,3.252087331E1,4.000000000E0
1.404740882E1,5.238614187E1,4.905015630E0,1.530300321E0,1.200000048E0,3.318749934E2,3.252087331E1,4.000000000E0
1.504915881E1,5.238614093E1,4.904986897E0,1.706875034E0,1.230000019E0,3.258984295E2,3.296407730E1,4.000000000E0
1.604631829E1,5.238614901E1,4.904956162E0,2.996670033E0,1.590000033E0,3.283593653E2,2.357593849E1,3.000000000E0
1.705009711E1,5.238615702E1,4.904930818E0,9.287378527E-1,1.350000024E0,3.241406158E2,2.039600326E1,3.000000000E0
1.805067837E1,5.238609727E1,4.905130975E0,2.265224666E0,1.350000024E0,3.044531121E2,1.970452884E1,3.000000000E0
1.904991126E1,5.238608050E1,4.905156058E0,1.858242146E0,7.400000095E-1,3.044531179E2,1.974204481E1,4.000000000E0
2.004983938E1,5.238600102E1,4.905113413E0,2.035366257E0,1.289999962E0,3.420703079E2,2.118441075E1,4.000000000E0
2.105217516E1,5.238601464E1,4.905123601E0,2.247951704E0,1.279999971E0,3.374999943E2,2.103330054E1,4.000000000E0
2.204662073E1,5.238600819E1,4.905216464E0,1.693996623E0,1.279999971E0,3.364453066E2,1.961940312E1,4.000000000E0
2.305437088E1,5.238595353E1,4.905253250E0,1.719082006E0,8.700000048E-1,1.195312711E1,2.019292623E1,4.000000000E0
2.405185235E1,5.238599811E1,4.905398018E0,1.873195774E0,8.700000048E-1,5.273438303E1,2.019490857E1,3.000000000E0
2.506071854E1,5.238600135E1,4.905559367E0,7.630883595E-1,9.200000167E-1,6.082032192E1,1.828603233E1,3.000000000E0
2.605651665E1,5.238611950E1,4.905489603E0,9.956323048E-1,9.200000167E-1,5.835938407E1,1.427446283E1,3.000000000E0
2.705633914E1,5.238610111E1,4.905560896E0,8.657494942E-1,9.200000167E-1,7.312501024E1,1.344434965E1,3.000000000E0
2.805492842E1,5.238602961E1,4.905634049E0,9.615715127E-2,3.400000036E-1,7.312500378E1,1.549777278E1,3.000000000E0
2.906309974E1,5.238593872E1,4.905707130E0,1.246547771E0,2.000000030E-1,7.312500224E1,1.411181443E1,3.000000000E0
2.966534591E1,5.238611317E1,4.905533139E0,1.338405676E0,3.400000036E-1,NaN,2.483653874E1,8.000000000E0
3.066759932E1,5.238608934E1,4.905521736E0,1.004055121E0,6.200000048E-1,7.277344440E1,1.989451746E1,4.000000000E0
3.166615176E1,5.238607727E1,4.905531707E0,1.272548797E0,8.199999928E-1,5.976563323E1,1.741386440E1,4.000000000E0
3.266620708E1,5.238607233E1,4.905553160E0,1.589077138E0,9.800000191E-1,6.292969765E1,1.483127362E1,4.000000000E0
3.366819847E1,5.238607695E1,4.905768151E0,1.546382042E0,1.325073057E0,5.602250492E1,6.563598944E0,1.046683741E0
3.466652226E1,5.238607966E1,4.905771688E0,1.244702115E0,1.129791687E0,5.568336742E1,6.376445308E0,1.043048061E0
3.566992617E1,5.238602135E1,4.905795143E0,1.550845601E0,1.015485161E0,7.443218889E1,5.970002124E0,1.371672340E0
3.666625655E1,5.238601926E1,4.905814306E0,1.496722574E0,1.191307559E0,6.766487370E1,5.633308795E0,1.764334935E0
3.767752194E1,5.238602740E1,4.905818687E0,2.013384644E0,1.270357583E0,6.585262069E1,5.345509854E0,2.291301254E0
3.867542410E1,5.238603666E1,4.905834105E0,1.771739754E0,1.256021110E0,6.567654144E1,5.299042270E0,2.396807889E0
3.967614996E1,5.238604641E1,4.905846303E0,6.811276348E-1,1.112167848E0,6.963218416E1,5.198768562E0,2.607171354E0
4.070751917E1,5.238601237E1,4.905893795E0,1.146202854E0,1.285222514E0,7.652884909E1,5.083071375E0,2.826114369E0
4.167294645E1,5.238599584E1,4.905905112E0,1.589807113E0,1.131715150E0,7.783991368E1,5.014390409E0,2.946256244E0
4.267311144E1,5.238600129E1,4.905892675E0,1.647781507E0,8.935770117E-1,7.427227619E1,4.981970148E0,3.000751652E0
4.367360556E1,5.238603235E1,4.905839443E0,8.554392718E-1,9.050990769E-1,5.207372174E1,4.950113218E0,3.053017551E0
4.467553282E1,5.238604507E1,4.905820774E0,3.675650610E-1,8.055452278E-1,4.124342901E1,4.977787007E0,3.007685746E0
4.566914940E1,5.238606811E1,4.905796191E0,8.900237670E-1,8.379593368E-1,2.335057952E1,4.991104420E0,2.985534074E0
4.666663551E1,5.238608618E1,4.905799094E0,7.993947743E-1,1.022422838E0,2.393448794E1,5.066514134E0,2.855691083E0
4.767134964E1,5.238609577E1,4.905799296E0,7.032010863E-1,1.001616973E0,2.309967434E1,5.162038710E0,2.679159082E0
4.866629291E1,5.238611089E1,4.905809320E0,1.198659381E-1,1.151625876E0,2.912113451E1,5.153381305E0,2.695774130E0
4.966765308E1,5.238613057E1,4.905801771E0,-4.889092408E-3,1.272821575E0,2.432342806E1,5.201189183E0,2.602338970E0
5.067096066E1,5.238613794E1,4.905805844E0,6.613383722E-2,1.053260386E0,3.222753307E1,5.220389443E0,2.563605098E0
5.166858160E1,5.238615658E1,4.905818767E0,3.817792172E-1,1.267798179E0,3.529152273E1,5.257731870E0,2.486119993E0
5.267132854E1,5.238619380E1,4.905808038E0,5.568926753E-1,1.461204829E0,2.870251761E1,5.272885226E0,2.453817112E0
5.367272103E1,5.238621311E1,4.905805623E0,6.557600312E-1,1.348159755E0,3.014321815E1,5.244839946E0,2.513203329E0
5.467101169E1,5.238620694E1,4.905821866E0,1.222572443E0,1.065335852E0,4.517616814E1,5.209919170E0,2.584817069E0
5.567295575E1,5.238624341E1,4.905829165E0,2.278730566E0,1.293353777E0,4.616580230E1,5.156957279E0,2.688927045E0
5.667217648E1,5.238625539E1,4.905836661E0,2.752327461E0,1.521168658E0,4.953226195E1,5.105467118E0,2.785451945E0
5.767057419E1,5.238628488E1,4.905823017E0,1.971752699E0,1.139040076E0,4.528107037E1,5.045760574E0,2.892202839E0
5.867423737E1,5.238629588E1,4.905839699E0,1.488949738E0,1.163832024E0,5.098599664E1,5.020463852E0,2.935895049E0
5.966801286E1,5.238629513E1,4.905832616E0,-2.688175151E-1,6.389260481E-1,5.243552317E1,5.032571045E0,2.915092744E0
6.067039824E1,5.238629542E1,4.905843626E0,-4.831746509E-1,4.539857021E-1,7.223103530E1,5.051701931E0,2.881812734E0
6.166787994E1,5.238629804E1,4.905855467E0,3.910092358E-2,5.135021647E-1,6.562967644E1,5.095574433E0,2.803508201E0
6.267158222E1,5.238630329E1,4.905870196E0,-4.113917407E-1,7.165633799E-1,6.318902701E1,5.098199219E0,2.798732169E0
6.367236125E1,5.238631859E1,4.905878343E0,4.269004120E-1,9.336846520E-1,5.198957939E1,5.112658021E0,2.772231050E0
6.467227149E1,5.238630235E1,4.905913889E0,8.487401782E-1,1.014085223E0,6.628382726E1,5.070538988E0,2.848538467E0
6.567219520E1,5.238628779E1,4.905942660E0,8.180900626E-1,1.211762848E0,7.475704453E1,5.033405760E0,2.913651230E0
6.667181897E1,5.238629374E1,4.905962730E0,1.078806901E0,1.277221449E0,7.336147859E1,5.040412909E0,2.901512492E0
6.767253220E1,5.238629256E1,4.905988713E0,8.195827482E-1,1.287644536E0,7.391562704E1,4.996892215E0,2.975836895E0
6.867338145E1,5.238629360E1,4.906009222E0,1.006340911E0,1.322563096E0,7.253788769E1,4.992701406E0,2.982862668E0
6.967221928E1,5.238628858E1,4.906044142E0,1.205293914E0,1.635978196E0,7.395288539E1,4.967512151E0,3.024625606E0
7.067218673E1,5.238628758E1,4.906063087E0,1.066445375E0,1.235292869E0,7.398357015E1,4.939840869E0,3.069610597E0
7.167296541E1,5.238627944E1,4.906085476E0,1.194225045E0,1.203575960E0,8.045695340E1,4.940626649E0,3.068345702E0
7.267088270E1,5.238627577E1,4.906109552E0,1.338347546E0,1.340066202E0,9.078262808E1,4.944300935E0,3.062421476E0
7.367134464E1,5.238627467E1,4.906132739E0,1.214631093E0,1.385424788E0,9.251484782E1,4.946769347E0,3.058432614E0
7.467235649E1,5.238627583E1,4.906152377E0,1.206157089E0,1.246962921E0,9.144359696E1,4.952383374E0,3.049333689E0
7.566930044E1,5.238627577E1,4.906168879E0,8.646891275E-1,1.281366528E0,9.234657791E1,4.964001531E0,3.030383776E0
7.667269361E1,5.238626812E1,4.906186308E0,8.781664884E-1,1.279678706E0,9.848098237E1,4.943434548E0,3.063819823E0
7.767218959E1,5.238626796E1,4.906204392E0,1.215907626E0,1.301093678E0,1.011453897E2,4.949778573E0,3.053560071E0
7.867151821E1,5.238625910E1,4.906221097E0,1.561007729E0,1.466403853E0,1.093770727E2,4.957015816E0,3.041797368E0
7.967035878E1,5.238625177E1,4.906242319E0,1.447558731E0,1.591874224E0,1.112816871E2,4.976245849E0,3.010234921E0
8.067149234E1,5.238623794E1,4.906258457E0,1.094575765E0,1.747383429E0,1.162682253E2,5.020020004E0,2.936653911E0
8.167123699E1,5.238622773E1,4.906276048E0,1.280549854E0,1.786058623E0,1.189155264E2,5.030350719E0,2.918922520E0
8.267054546E1,5.238621729E1,4.906292859E0,9.566220315E-1,1.669587069E0,1.214689189E2,5.031598866E0,2.916770454E0
8.367118692E1,5.238620008E1,4.906305420E0,2.184290743E0,1.671656581E0,1.262905202E2,5.059930405E0,2.867340463E0
8.467087543E1,5.238619400E1,4.906301156E0,2.527263450E0,1.179907537E0,1.400341197E2,5.077058609E0,2.836901993E0
8.567176747E1,5.238618944E1,4.906315489E0,2.285185102E0,1.219282291E0,1.341928278E2,5.093966348E0,2.806429027E0
8.667193568E1,5.238617835E1,4.906325872E0,1.605408806E-1,1.265231961E0,1.378298455E2,5.120178910E0,2.758315603E0
8.767749929E1,5.238616843E1,4.906338151E0,-7.184208352E-1,1.324011347E0,1.406384278E2,5.146827633E0,2.708265561E0
8.867979741E1,5.238616638E1,4.906356599E0,-1.001900249E0,1.346220501E0,1.340781024E2,5.063702404E0,2.860673870E0
8.967973793E1,5.238616114E1,4.906390181E0,3.242214266E-1,1.289649384E0,1.174931987E2,4.938839786E0,3.071221028E0
9.067761624E1,5.238617115E1,4.906423193E0,8.899242133E-1,1.288306850E0,1.017068786E2,4.885782312E0,3.154943460E0
9.167247784E1,5.238617189E1,4.906448882E0,1.204922985E0,1.465160989E0,9.704895230E1,4.862878084E0,3.190133817E0
9.267995441E1,5.238616508E1,4.906483206E0,1.232607937E0,1.550823911E0,9.657315874E1,4.849499086E0,3.210435430E0
9.367926478E1,5.238616425E1,4.906495606E0,9.094198402E-1,1.522055928E0,9.390295114E1,4.856294406E0,3.200147133E0
9.468027329E1,5.238616587E1,4.906519495E0,1.317193053E0,1.488925772E0,9.243905639E1,4.843462770E0,3.219534971E0
9.567960644E1,5.238616564E1,4.906541270E0,1.439156164E0,1.472294422E0,9.170570618E1,4.856623435E0,3.199647768E0
9.667506218E1,5.238617005E1,4.906565663E0,1.633328617E0,1.589694378E0,8.750377016E1,4.862428805E0,3.190818570E0
9.767892385E1,5.238616841E1,4.906584560E0,1.707556658E0,1.516856630E0,9.017792047E1,4.864066117E0,3.188322104E0
9.868106222E1,5.238616641E1,4.906601977E0,1.607762383E0,1.390979460E0,9.132502383E1,4.867619391E0,3.182894673E0
9.967461061E1,5.238616520E1,4.906623167E0,1.922341397E0,1.350605865E0,9.389527637E1,4.874470187E0,3.172393014E0
1.006783288E2,5.238615483E1,4.906636925E0,2.022146386E0,1.154972162E0,1.094718687E2,4.856695533E0,3.199538332E0
1.016801056E2,5.238615770E1,4.906651870E0,1.742668762E0,1.213834215E0,1.013565241E2,4.874001697E0,3.173112744E0
1.026797377E2,5.238615922E1,4.906669752E0,1.633131359E0,1.209689010E0,9.714334971E1,4.882913421E0,3.159381832E0
1.036815119E2,5.238615599E1,4.906693876E0,1.821185364E0,1.333360692E0,9.792156071E1,4.872898629E0,3.174806448E0
1.046697087E2,5.238615601E1,4.906715216E0,1.850036892E0,1.435367037E0,9.879593832E1,4.836657134E0,3.229749960E0
1.056719339E2,5.238616498E1,4.906734883E0,1.669728607E0,1.363472587E0,9.738608721E1,4.800408417E0,3.283384849E0
1.066730876E2,5.238616389E1,4.906755688E0,1.490467679E0,1.396203923E0,9.774651985E1,4.805439906E0,3.276016535E0
1.076723050E2,5.238616623E1,4.906779421E0,1.448177493E0,1.464463906E0,9.578634501E1,4.828775273E0,3.241522235E0
1.086715350E2,5.238615854E1,4.906793147E0,1.582236473E0,1.332742894E0,1.039142216E2,4.857006110E0,3.199066846E0
1.096728289E2,5.238615494E1,4.906809716E0,1.280098902E0,1.279760157E0,1.063092185E2,4.887836695E0,3.151759743E0
1.106735495E2,5.238614841E1,4.906827423E0,1.853052943E0,1.219739622E0,1.094565272E2,4.937256831E0,3.073765121E0
1.116718433E2,5.238614579E1,4.906844944E0,1.142147824E0,1.156625208E0,1.088273677E2,4.954140713E0,3.046477775E0
1.126707073E2,5.238613856E1,4.906857694E0,1.419467905E0,1.143582213E0,1.123370340E2,4.958240879E0,3.039800063E0
1.136713341E2,5.238613139E1,4.906871582E0,1.751595238E0,1.159305405E0,1.140522318E2,4.970950886E0,3.018970738E0
1.146733208E2,5.238612212E1,4.906883295E0,2.016170826E0,1.111825052E0,1.187864525E2,4.965498644E0,3.027930027E0
1.156724442E2,5.238611541E1,4.906896382E0,1.902777800E0,9.817741290E-1,1.180308840E2,4.980630677E0,3.002974375E0
1.166719438E2,5.238611552E1,4.906915596E0,1.762854083E0,9.707495284E-1,1.106780641E2,5.014116595E0,2.946722214E0
1.176692003E2,5.238610788E1,4.906927500E0,1.258625075E0,9.669949741E-1,1.131851258E2,5.066954926E0,2.854908897E0
1.186695447E2,5.238611740E1,4.906956288E0,1.511272318E0,9.742074545E-1,9.772048426E1,4.962682038E0,3.032544150E0
1.196715699E2,5.238611487E1,4.906975531E0,1.667842222E0,1.049413460E0,1.007822835E2,4.985310646E0,2.995198625E0
1.206709763E2,5.238611987E1,4.906996461E0,2.111796863E0,1.153969664E0,9.604341686E1,5.019755809E0,2.937105488E0
1.216751214E2,5.238611325E1,4.907013139E0,1.573947081E0,1.257763073E0,9.921937548E1,5.066243709E0,2.856170812E0
1.226731482E2,5.238611711E1,4.907032485E0,1.447735592E0,1.346410594E0,9.781486179E1,5.112190524E0,2.773093052E0
1.236720669E2,5.238611732E1,4.907053019E0,8.679128727E-1,1.370102166E0,9.877733601E1,5.154868862E0,2.692928525E0
1.246728684E2,5.238610427E1,4.907070397E0,2.458829740E-1,1.334656387E0,1.072913781E2,5.165821154E0,2.671858685E0
1.256718584E2,5.238609629E1,4.907092197E0,-2.046668818E-1,1.383235341E0,1.087081722E2,5.173606243E0,2.656752806E0
1.266709296E2,5.238608644E1,4.907111089E0,-3.325913940E-1,1.439933419E0,1.107707852E2,5.186636335E0,2.631224156E0
1.276699624E2,5.238607461E1,4.907124877E0,-4.015968833E-1,1.454120471E0,1.169403125E2,5.194863772E0,2.614943102E0
1.286804982E2,5.238607230E1,4.907146828E0,-2.430424467E-2,1.497997887E0,1.131603292E2,5.244135531E0,2.514672854E0
1.296807339E2,5.238607400E1,4.907174434E0,1.748191183E-1,1.563511473E0,1.103238831E2,5.165141739E0,2.673171870E0
1.306785897E2,5.238607945E1,4.907205932E0,1.874368805E-1,1.579933358E0,1.063342297E2,5.019800336E0,2.937029387E0
1.316765115E2,5.238607312E1,4.907245537E0,2.264932562E-1,1.593770514E0,1.049014793E2,4.960715811E0,3.035759488E0
1.326831127E2,5.238606473E1,4.907274395E0,3.140776269E-1,1.508147943E0,1.089785616E2,4.892889599E0,3.143909732E0
1.336490457E2,5.238606075E1,4.907301580E0,5.561619317E-1,1.489477606E0,1.093716323E2,4.871572410E0,3.176841086E0
1.346491597E2,5.238605401E1,4.907327803E0,7.445557304E-1,1.493478746E0,1.091784040E2,4.856524415E0,3.199798063E0
1.356492726E2,5.238604842E1,4.907347276E0,1.203273540E0,1.283512133E0,1.093462643E2,4.868106837E0,3.182149093E0
1.366493878E2,5.238604442E1,4.907364991E0,1.095696012E0,1.152802131E0,1.077906165E2,4.919787096E0,3.101649877E0
1.376494962E2,5.238604606E1,4.907382326E0,1.172362920E0,1.105018317E0,1.018975039E2,4.982610533E0,2.999688202E0
1.386495939E2,5.238604482E1,4.907406212E0,7.580816848E-1,1.262036784E0,9.899121372E1,5.024853437E0,2.928375825E0
1.396496954E2,5.238603910E1,4.907430154E0,8.120694533E-1,1.252618498E0,1.025982364E2,5.078318350E0,2.834646321E0
1.406497837E2,5.238602780E1,4.907455548E0,7.634993773E-1,1.312685190E0,1.075252068E2,5.109654513E0,2.777763092E0
1.416498605E2,5.238601943E1,4.907479239E0,1.439167065E0,1.215668851E0,1.107737671E2,5.095075973E0,2.804413996E0
1.426499434E2,5.238600398E1,4.907473060E0,1.358556200E0,6.796251403E-1,1.492494668E2,5.042451011E0,2.897969088E0
1.436500154E2,5.238600298E1,4.907462638E0,1.518149648E0,3.692769394E-1,1.839200899E2,5.065226419E0,2.857974520E0
1.446500791E2,5.238599573E1,4.907462296E0,1.432731941E0,4.102224359E-1,1.839200898E2,5.154425776E0,2.693776523E0
1.456501471E2,5.238598061E1,4.907477652E0,1.377041034E0,7.798837635E-1,1.486498249E2,5.201281715E0,2.602154021E0
1.466502078E2,5.238596078E1,4.907445466E0,1.328188095E0,1.106202773E0,1.921112350E2,5.064380806E0,2.859472694E0
1.476502597E2,5.238594423E1,4.907441896E0,1.585707694E0,1.410529195E0,1.924946425E2,5.112119931E0,2.773223187E0
1.486503084E2,5.238591708E1,4.907423309E0,7.966646748E-1,1.764175332E0,1.961122056E2,5.138257064E0,2.724491030E0
1.496503551E2,5.238590945E1,4.907416652E0,8.707419839E-1,1.767824253E0,1.930673957E2,5.004974434E0,2.962223481E0
1.506503990E2,5.238589839E1,4.907417614E0,1.113482984E-1,1.703253100E0,1.779658644E2,4.892920033E0,3.143862367E0
1.516504408E2,5.238587959E1,4.907397886E0,-4.629643783E-1,1.660600590E0,1.801740977E2,4.829704093E0,3.240138177E0
1.526504806E2,5.238586353E1,4.907386457E0,-4.765236704E-1,1.735582945E0,1.824434662E2,4.803553558E0,3.278781824E0
1.536505185E2,5.238585193E1,4.907378130E0,-9.477818897E-1,1.682436167E0,1.856476713E2,4.783181526E0,3.308430372E0
1.546505551E2,5.238583610E1,4.907370075E0,-6.808878509E-1,1.741601701E0,1.873171131E2,4.766457643E0,3.332479343E0
1.556505889E2,5.238581886E1,4.907360689E0,-7.136778403E-1,1.743956003E0,1.851576505E2,4.753096011E0,3.351509412E0
1.566506212E2,5.238580659E1,4.907365866E0,-7.748320987E-1,1.754921434E0,1.759711601E2,4.742927899E0,3.365883536E0
1.576506524E2,5.238579277E1,4.907364023E0,-6.361089256E-1,1.765690688E0,1.741205316E2,4.741183043E0,3.368340896E0
1.586506823E2,5.238577668E1,4.907371269E0,-2.557877181E-1,1.782466091E0,1.712264426E2,4.740797935E0,3.368882897E0
1.596507107E2,5.238575875E1,4.907357103E0,1.843194198E-2,1.846183297E0,1.809476611E2,4.741238014E0,3.368263517E0
1.606507386E2,5.238574311E1,4.907348017E0,1.541670701E-1,1.791770289E0,1.850579169E2,4.737317300E0,3.373775605E0
1.616507649E2,5.238573068E1,4.907342030E0,2.838441245E-1,1.602796080E0,1.868073772E2,4.760357125E0,3.341187974E0
1.626507895E2,5.238572074E1,4.907322187E0,6.772611849E-1,1.393980315E0,1.940577766E2,4.789941639E0,3.298635495E0
1.636508138E2,5.238571202E1,4.907310336E0,6.285628341E-1,1.097884237E0,1.927375137E2,4.830425358E0,3.248615562E0
1.646508366E2,5.238570426E1,4.907303907E0,6.963394415E-1,9.571806005E-1,1.913432625E2,4.998249954E0,3.196996931E0
1.656508597E2,5.238569303E1,4.907295143E0,7.617908195E-1,9.721810784E-1,1.909422613E2,5.077293858E0,3.140585906E0
1.666508802E2,5.238568048E1,4.907297538E0,1.162672551E0,1.033906636E0,1.879256015E2,5.042407750E0,3.167353271E0
1.676509008E2,5.238566762E1,4.907293575E0,1.108876888E0,1.109137299E0,1.886642471E2,5.059269695E0,3.151379589E0
1.686509216E2,5.238565790E1,4.907280223E0,9.844168229E-1,9.779889896E-1,1.941424754E2,5.068761201E0,3.093613445E0
1.696509404E2,5.238565565E1,4.907264834E0,2.442849142E0,7.485665751E-1,1.995542934E2,5.133678440E0,3.080401935E0
1.706509591E2,5.238565481E1,4.907253868E0,2.875994616E0,5.631135906E-1,2.025416455E2,5.184368994E0,3.073112374E0
1.716509771E2,5.238564920E1,4.907242339E0,2.683589823E0,5.082699784E-1,2.022660648E2,5.224614304E0,3.041705229E0
1.726509944E2,5.238564065E1,4.907236810E0,1.106458568E0,6.243484092E-1,1.954979771E2,5.163093905E0,2.996452050E0
1.736510112E2,5.238562875E1,4.907236240E0,-1.244338276E-1,8.863182896E-1,1.908548668E2,5.137730059E0,2.997336408E0
1.746510278E2,5.238561662E1,4.907238803E0,-7.562144324E-1,1.012527846E0,1.871692859E2,5.112693419E0,3.005445012E0
1.756510433E2,5.238560525E1,4.907233914E0,-7.956032148E-1,1.201789855E0,1.841593360E2,5.117307337E0,3.043442772E0
1.766510592E2,5.238559555E1,4.907209844E0,4.828507174E-2,1.235639539E0,1.938653024E2,5.197707963E0,2.963055907E0
1.776510751E2,5.238558399E1,4.907202599E0,3.765625078E-1,1.275897746E0,1.981124998E2,5.217742933E0,2.938218463E0
1.786510894E2,5.238557016E1,4.907186713E0,1.584094059E0,1.287542192E0,2.026020629E2,5.224859147E0,2.889231773E0
1.796511034E2,5.238555428E1,4.907185695E0,1.341761281E0,1.350480261E0,1.993626250E2,5.240665061E0,2.918036896E0
1.806511173E2,5.238554955E1,4.907159514E0,1.151789015E0,1.337354379E0,2.057066857E2,5.214776335E0,3.049776034E0
1.816511312E2,5.238553904E1,4.907125298E0,1.373553525E0,1.279145659E0,2.070220287E2,4.865996131E0,3.185375753E0
1.826511446E2,5.238552308E1,4.907100503E0,1.588718298E0,1.481479254E0,2.030868867E2,4.836567281E0,3.229884513E0
1.836511575E2,5.238551371E1,4.907077358E0,1.726041433E0,1.537465390E0,2.079127471E2,4.827255839E0,3.243784534E0
1.846511703E2,5.238550559E1,4.907067790E0,1.711813725E0,1.299212903E0,2.095180637E2,4.802902586E0,3.279735321E0
1.856511835E2,5.238549830E1,4.907057597E0,1.841001214E0,1.182032663E0,2.125457275E2,4.814329948E0,3.262937968E0
1.866511954E2,5.238547764E1,4.907040409E0,2.173030416E0,1.480408898E0,2.065441329E2,4.803386860E0,3.279026031E0
1.876512076E2,5.238546228E1,4.907038526E0,1.822866946E0,1.568866961E0,2.014339449E2,4.810263427E0,3.268929917E0
1.886512197E2,5.238544485E1,4.907031324E0,1.686474820E0,1.807289249E0,2.011075739E2,4.773250200E0,3.322742777E0
1.896512318E2,5.238543120E1,4.907033646E0,1.627139339E0,1.801118785E0,1.987780677E2,4.755486959E0,3.348116010E0
1.906512431E2,5.238541772E1,4.907022992E0,1.527499726E0,1.784810346E0,2.006133271E2,4.749920368E0,3.356008571E0
1.916512550E2,5.238540615E1,4.907008923E0,1.503594534E0,1.779300909E0,2.074549706E2,4.745999741E0,3.361550757E0
1.926512653E2,5.238539472E1,4.906995400E0,1.630811992E0,1.783959052E0,2.103204250E2,4.742792232E0,3.366074699E0
1.936512765E2,5.238538241E1,4.906980045E0,1.541738834E0,1.745380493E0,2.101494735E2,4.744450221E0,3.363737375E0
1.946512874E2,5.238537064E1,4.906955877E0,1.385153252E0,1.784167210E0,2.154368651E2,4.752803571E0,3.351924111E0
1.956512989E2,5.238535417E1,4.906949278E0,1.418830570E0,1.806947183E0,2.076498326E2,4.749258430E0,3.356945247E0
1.966513094E2,5.238534219E1,4.906932573E0,1.469706367E0,1.802917613E0,2.101072889E2,4.746642073E0,3.360643697E0
1.976513201E2,5.238532559E1,4.906925718E0,1.449416550E0,1.806525721E0,2.083584028E2,4.730895605E0,3.382774572E0
1.986513305E2,5.238531006E1,4.906911545E0,2.018253947E0,1.776937386E0,2.079517611E2,4.728461147E0,3.386176637E0
1.996513408E2,5.238529357E1,4.906899661E0,2.622138626E0,1.746648695E0,2.106063669E2,4.735057239E0,3.376946842E0
2.006513511E2,5.238527642E1,4.906886822E0,1.112831198E0,1.824382383E0,2.116489625E2,4.736563281E0,3.374834117E0
2.016513619E2,5.238526497E1,4.906877757E0,-6.025662757E-1,1.606105632E0,2.113114557E2,4.751894433E0,3.353212837E0
2.026513723E2,5.238525393E1,4.906858196E0,-8.104919717E-1,1.625912801E0,2.153708771E2,4.761927644E0,3.338949257E0
2.036513822E2,5.238523956E1,4.906835713E0,5.813476723E-2,1.761830176E0,2.163111468E2,4.771467282E0,3.325302543E0
2.046513928E2,5.238522671E1,4.906816275E0,5.861221161E-1,1.771751777E0,2.130528726E2,4.764187410E0,3.335724113E0
2.056514016E2,5.238521177E1,4.906806009E0,1.093466445E0,1.770202398E0,2.136697021E2,4.770639738E0,3.326489670E0
2.066514124E2,5.238520526E1,4.906779800E0,1.348145694E0,1.752237484E0,2.185100749E2,4.780811680E0,3.311853970E0
2.076514213E2,5.238519192E1,4.906768364E0,1.853848755E0,1.715049040E0,2.173081435E2,4.808109482E0,3.272097224E0
2.086514312E2,5.238518553E1,4.906750230E0,1.843221481E0,1.509280244E0,2.229070772E2,4.845676949E0,3.216201476E0
2.096514413E2,5.238516926E1,4.906748292E0,1.422475614E0,1.501810306E0,2.176733177E2,4.896668816E0,3.138020322E0
2.106514506E2,5.238517193E1,4.906716130E0,1.270382249E0,1.325475849E0,2.272457305E2,4.882373347E0,3.160216374E0
2.116514608E2,5.238516374E1,4.906694337E0,1.600610318E0,1.309825062E0,2.255559562E2,4.914521883E0,3.109985803E0
2.126514699E2,5.238515063E1,4.906693879E0,1.363881796E0,1.282011605E0,2.164154258E2,4.956580915E0,3.042505984E0
2.136514789E2,5.238514469E1,4.906689788E0,1.235280365E0,1.187992035E0,2.133082178E2,4.970093064E0,3.020382752E0
2.146514895E2,5.238513086E1,4.906682673E0,1.096279748E0,1.182049312E0,2.119388319E2,4.970738646E0,3.019320180E0
2.156514986E2,5.238512088E1,4.906671387E0,6.273454623E-1,1.318237533E0,2.123407108E2,4.996571170E0,2.976375913E0
2.166515077E2,5.238511333E1,4.906648734E0,8.059680574E-1,1.401533859E0,2.166719242E2,5.010317849E0,2.953176610E0
2.176515181E2,5.238510657E1,4.906627952E0,1.530735670E0,1.348991126E0,2.169018320E2,4.995438425E0,2.978276678E0
2.186515263E2,5.238509195E1,4.906610759E0,1.738469846E0,1.494311076E0,2.163613507E2,4.977720670E0,3.007795533E0
2.196515366E2,5.238507802E1,4.906598402E0,1.961885813E0,1.527098997E0,2.176199548E2,4.965190391E0,3.028435472E0
2.206515462E2,5.238506342E1,4.906594777E0,1.993053814E0,1.468381687E0,2.159177400E2,4.934434103E0,3.078294515E0
2.216515554E2,5.238506384E1,4.906587085E0,2.123876496E0,1.169043817E0,2.238108175E2,4.898790948E0,3.134706411E0
2.226515647E2,5.238505505E1,4.906574082E0,1.564867570E0,9.905006147E-1,2.192253715E2,4.905818651E0,3.123696591E0
2.236515740E2,5.238504277E1,4.906563202E0,-1.284384076E-2,1.022165732E0,2.167776829E2,4.943498532E0,3.063716582E0
2.246515827E2,5.238503193E1,4.906560580E0,-5.160917994E-2,1.076246060E0,2.110680534E2,4.967339042E0,3.024909895E0
2.256515924E2,5.238502423E1,4.906549304E0,-3.781282175E-1,1.093547752E0,2.123452242E2,5.014638004E0,2.945834809E0
2.266516007E2,5.238501095E1,4.906534107E0,8.262462635E-2,1.172012987E0,2.126419171E2,5.073109276E0,2.843958387E0
2.276516107E2,5.238500011E1,4.906533874E0,3.408988928E-1,1.206520076E0,2.115097804E2,5.079497613E0,2.832532619E0
2.286516194E2,5.238498667E1,4.906525032E0,1.091206983E0,1.237278159E0,2.106385537E2,5.124816004E0,2.749690520E0
2.296516293E2,5.238497195E1,4.906515292E0,1.573590919E0,1.298419164E0,2.087092953E2,5.175222034E0,2.653603952E0
2.306516378E2,5.238496459E1,4.906522078E0,1.591783646E0,9.775604922E-1,2.052988381E2,5.166672875E0,2.670211309E0
2.316516471E2,5.238496054E1,4.906517443E0,1.619206688E0,8.661301212E-1,2.082499618E2,5.171386001E0,2.661071938E0
2.326516563E2,5.238495919E1,4.906498059E0,1.206390608E0,8.517487532E-1,2.158298575E2,5.174320374E0,2.655361690E0
2.336516653E2,5.238495441E1,4.906485777E0,1.055219635E0,8.804637076E-1,2.200361329E2,5.142951958E0,2.715618197E0
2.346516744E2,5.238494718E1,4.906466332E0,8.324977262E-1,7.861561581E-1,2.227264091E2,5.172359310E0,2.659179610E0
2.356516832E2,5.238493810E1,4.906473685E0,5.929214694E-1,7.608076268E-1,2.185519795E2,5.206290208E0,2.592118691E0
2.366516927E2,5.238493175E1,4.906468993E0,6.040555043E-1,8.070224674E-1,2.158784414E2,5.234097017E0,2.535501025E0
2.376517030E2,5.238491748E1,4.906479105E0,8.419879042E-1,1.022551748E0,2.083751389E2,5.251633057E0,2.498977245E0
2.386517111E2,5.238491175E1,4.906472133E0,7.889241250E-1,1.119327402E0,2.101630282E2,5.186880846E0,2.630742124E0
2.396517200E2,5.238489429E1,4.906436081E0,2.005929844E-1,1.302160006E0,2.173147172E2,5.124447358E0,2.750377485E0
2.406517287E2,5.238487474E1,4.906417471E0,7.665411606E-1,1.389898814E0,2.207060627E2,5.065337316E0,2.857777966E0
2.416517377E2,5.238486398E1,4.906399143E0,6.664511403E-1,1.350996217E0,2.243240834E2,5.049991923E0,2.884808246E0
2.426517479E2,5.238484186E1,4.906386262E0,9.075935045E-1,1.333638187E0,2.158296936E2,5.060200339E0,2.866864064E0
2.436517562E2,5.238483439E1,4.906370824E0,1.260586620E0,1.155972188E0,2.156942338E2,5.048997285E0,2.886548710E0
2.446517648E2,5.238481878E1,4.906365801E0,1.630555729E0,1.241991862E0,2.137904801E2,5.007934859E0,2.957215832E0
2.456517744E2,5.238480767E1,4.906368645E0,2.751800450E0,1.067150780E0,2.142651033E2,4.965926318E0,3.027228574E0
2.466517837E2,5.238479927E1,4.906357232E0,1.888757878E0,1.004320642E0,2.165366173E2,4.942644081E0,3.065094863E0
2.476517925E2,5.238479341E1,4.906346202E0,2.100450834E0,1.085368432E0,2.165346051E2,4.908871143E0,3.118897423E0
2.486518010E2,5.238478262E1,4.906331157E0,2.939127479E-1,1.289715016E0,2.117064408E2,4.868262292E0,3.181911264E0
2.496518099E2,5.238477375E1,4.906319761E0,1.028846845E0,1.437583956E0,2.134156246E2,4.865261004E0,3.186498454E0
2.506518197E2,5.238477200E1,4.906317582E0,1.661413373E0,1.431990702E0,2.148223019E2,4.850876931E0,3.208353166E0
2.516518282E2,5.238476108E1,4.906296864E0,1.470108903E0,1.451921979E0,2.167490402E2,4.849629539E0,3.210238366E0
2.526518373E2,5.238474582E1,4.906279256E0,1.352286819E0,1.467484497E0,2.168585840E2,4.838906937E0,3.226378261E0
2.536518468E2,5.238474577E1,4.906276875E0,1.926147441E0,1.162702579E0,2.204134303E2,4.819971669E0,3.254598308E0
2.546518561E2,5.238474337E1,4.906264783E0,2.316295282E0,1.039207395E0,2.214964911E2,4.809154005E0,3.270561847E0
2.556518644E2,5.238473830E1,4.906256482E0,1.994754243E0,1.035278526E0,2.215184245E2,4.813304554E0,3.264450383E0
2.566518732E2,5.238473142E1,4.906253056E0,2.570835403E0,8.787460149E-1,2.119524084E2,4.810157982E0,3.269085074E0
2.576518828E2,5.238471722E1,4.906248667E0,2.269537712E0,9.106921085E-1,2.010695911E2,4.817803392E0,3.257807163E0
2.586518922E2,5.238470518E1,4.906233393E0,1.929792031E0,9.850162592E-1,2.051146764E2,4.849683636E0,3.210156642E0
2.596523350E2,5.238469059E1,4.906220504E0,1.697003288E0,1.062372020E0,2.049280909E2,4.886918263E0,3.153183616E0
2.606523156E2,5.238467862E1,4.906211527E0,1.651852718E0,1.187127763E0,2.047043968E2,4.919231445E0,3.102531067E0
2.616522819E2,5.238466294E1,4.906206399E0,1.418564955E0,1.351894715E0,2.020286996E2,4.968495423E0,3.023010133E0
2.626522416E2,5.238464437E1,4.906195663E0,1.797885118E0,1.689367160E0,2.018064152E2,5.042659635E0,2.897606054E0
2.636521977E2,5.238464113E1,4.906189848E0,1.760305099E0,1.125255919E0,2.067922199E2,4.949597340E0,3.053853829E0
2.646521450E2,5.238463694E1,4.906175312E0,1.731196096E0,1.017444044E0,2.117369790E2,4.967765160E0,3.024210037E0
2.656520953E2,5.238462259E1,4.906160269E0,1.838475812E0,1.034858222E0,2.108852856E2,4.989109400E0,2.988866747E0
2.666520462E2,5.238460453E1,4.906162314E0,1.925107456E0,1.086964645E0,2.035369272E2,5.015487588E0,2.944388100E0
2.676519934E2,5.238458222E1,4.906171894E0,1.764974977E0,1.299200557E0,1.954203282E2,5.026815427E0,2.925006615E0
2.686519483E2,5.238456400E1,4.906151301E0,1.646021346E0,1.585038402E0,1.995445225E2,5.122372042E0,2.838046780E0
2.696519009E2,5.238454971E1,4.906133727E0,2.253026809E0,1.671234507E0,2.002951647E2,5.092778132E0,2.813437083E0
2.706518487E2,5.238454961E1,4.906122415E0,1.944764784E0,1.136069288E0,2.078235942E2,5.077636389E0,2.893295890E0
2.716518027E2,5.238453824E1,4.906115197E0,2.443609193E0,1.141631862E0,2.064737462E2,5.136814170E0,2.936465201E0
2.726517633E2,5.238452004E1,4.906125648E0,2.521295036E0,1.035939157E0,1.922987726E2,5.025918393E0,2.947950236E0
2.736517198E2,5.238451460E1,4.906124024E0,2.600217074E0,1.037427614E0,1.917651594E2,5.024805004E0,2.928458930E0
2.746516795E2,5.238451345E1,4.906115557E0,1.559899567E0,9.766275518E-1,1.941272315E2,5.078610528E0,2.848574558E0
2.756516409E2,5.238450614E1,4.906101651E0,-1.576834982E-1,1.000772334E0,1.973359956E2,5.175477953E0,2.736611624E0
2.766516061E2,5.238450474E1,4.906089178E0,9.103262173E-1,8.731306809E-1,1.991447729E2,5.192965691E0,2.779648356E0
2.776515726E2,5.238447989E1,4.906102827E0,1.988279039E0,8.985518495E-1,1.853876267E2,5.042570525E0,2.900226045E0
2.786515414E2,5.238445325E1,4.906109091E0,2.067069354E0,1.059082365E0,1.825038036E2,5.012495702E0,2.949478576E0
2.796515118E2,5.238443364E1,4.906114327E0,1.821580821E0,1.112166054E0,1.812541923E2,4.991377439E0,2.985077603E0
2.806514844E2,5.238442132E1,4.906105143E0,2.034770385E0,1.036114544E0,1.838832343E2,5.026769820E0,2.925084992E0
2.816514597E2,5.238442452E1,4.906096938E0,2.591617363E0,7.998659132E-1,1.879834315E2,4.995178539E0,2.978712540E0
2.826514360E2,5.238440985E1,4.906104125E0,2.810832043E0,9.946051799E-1,1.824247117E2,5.011180106E0,2.951713227E0
2.836514126E2,5.238440218E1,4.906101840E0,2.233776024E0,8.447390136E-1,1.758630341E2,4.987244251E0,2.991977909E0
2.846513916E2,5.238437665E1,4.906092821E0,2.596661608E0,1.076859032E0,1.822937719E2,4.955503718E0,3.044260163E0
2.856513723E2,5.238436716E1,4.906122069E0,2.402723998E0,1.064192940E0,1.723853519E2,4.978513377E0,3.006483259E0
2.866513541E2,5.238435980E1,4.906138171E0,2.391691854E0,1.011247279E0,1.662918443E2,4.951965224E0,3.050012698E0
2.876513374E2,5.238435425E1,4.906131663E0,2.283753334E0,9.045979863E-1,1.733801002E2,4.987508434E0,2.991537507E0
2.886513212E2,5.238434236E1,4.906142936E0,2.008816866E0,1.073151519E0,1.711615370E2,4.964664660E0,3.029297252E0
2.896513060E2,5.238432994E1,4.906145773E0,2.315731884E0,1.208485881E0,1.738173545E2,5.017475318E0,2.940999569E0
2.906512917E2,5.238431193E1,4.906150636E0,2.654920342E0,1.459399626E0,1.724167478E2,5.043020613E0,2.896977758E0
2.916512791E2,5.238430298E1,4.906158518E0,3.035424105E0,1.429699799E0,1.712675195E2,5.023691330E0,2.930368997E0
2.926512663E2,5.238428394E1,4.906170445E0,4.379598564E0,1.514172455E0,1.700099153E2,5.053772910E0,2.878179357E0
2.936512550E2,5.238427239E1,4.906158696E0,3.401692265E0,1.516858436E0,1.770035697E2,5.036345609E0,2.908566647E0
2.946512445E2,5.238426365E1,4.906157616E0,7.463725302E-1,1.369038077E0,1.813145890E2,5.019697457E0,2.937205215E0
2.956512350E2,5.238425094E1,4.906164892E0,1.647621101E0,1.232620994E0,1.777927178E2,5.046743904E0,2.890486637E0
2.966512249E2,5.238424105E1,4.906164637E0,2.349384306E0,1.062580843E0,1.787267366E2,5.443893563E0,2.783548231E0
2.976512163E2,5.238423384E1,4.906169554E0,2.059293408E0,9.109232189E-1,1.763626894E2,5.923801541E0,2.550193706E0
2.986512082E2,5.238422574E1,4.906172018E0,2.761635924E0,8.367881964E-1,1.761082239E2,5.869164836E0,2.338514802E0
2.996512004E2,5.238421454E1,4.906169958E0,2.894824019E0,8.933057449E-1,1.790241281E2,6.030315922E0,2.166868021E0
3.006511935E2,5.238419716E1,4.906170056E0,2.993619704E0,1.130574377E0,1.790821284E2,5.994316723E0,2.290692163E0
3.016511877E2,5.238418557E1,4.906182048E0,2.486691588E0,1.191172382E0,1.759518928E2,6.264876211E0,2.175613714E0
3.026511807E2,5.238417198E1,4.906195685E0,2.854699713E0,1.194062668E0,1.720279654E2,6.592109784E0,1.978822457E0
3.036511755E2,5.238414167E1,4.906217074E0,2.704510567E0,1.559544017E0,1.689613894E2,6.941278855E0,1.822747178E0
3.046511701E2,5.238413929E1,4.906193326E0,2.646328214E0,1.163379784E0,1.812396238E2,6.516630671E0,2.215867239E0
3.056511655E2,5.238412419E1,4.906182530E0,2.377700292E0,1.207857117E0,1.842966699E2,6.345651709E0,2.179069437E0
3.066511606E2,5.238411304E1,4.906172404E0,2.110459199E0,1.079931494E0,1.863669533E2,5.526914201E0,2.491887791E0
3.076511561E2,5.238409857E1,4.906170564E0,2.227775639E0,1.069309865E0,1.879760280E2,5.160817255E0,2.681511195E0
3.086511523E2,5.238408530E1,4.906169589E0,2.460495947E0,9.872256784E-1,1.863911957E2,5.158392529E0,2.686172658E0
3.096511487E2,5.238407453E1,4.906169537E0,2.752805125E0,1.071986282E0,1.862736717E2,5.133473154E0,2.733494176E0
3.106511447E2,5.238405872E1,4.906160220E0,2.659204203E0,1.111712011E0,1.886584467E2,5.033288620E0,2.913853583E0
3.116511416E2,5.238404474E1,4.906179486E0,2.877612433E0,1.103713287E0,1.753066030E2,5.006275930E0,2.960023370E0
3.126511390E2,5.238403755E1,4.906182015E0,3.238600391E0,1.084539189E0,1.727663223E2,4.958334663E0,3.039647085E0
3.136511370E2,5.238402852E1,4.906178765E0,3.298896722E0,1.013572702E0,1.793072650E2,5.009580012E0,2.954428055E0
3.146511346E2,5.238402168E1,4.906172968E0,2.900698676E0,1.017460368E0,1.828180543E2,5.050632203E0,2.883687116E0
3.156511312E2,5.238401082E1,4.906166640E0,2.737013697E0,1.026375809E0,1.845261280E2,5.103379178E0,2.789275532E0
3.166511290E2,5.238399130E1,4.906164731E0,1.703867570E0,1.278503145E0,1.843934262E2,5.221231134E0,2.561890412E0
3.176511283E2,5.238398095E1,4.906158377E0,4.156834548E-1,1.304280183E0,1.871901475E2,5.325603538E0,2.337195754E0
3.186511260E2,5.238396234E1,4.906164210E0,1.249415398E0,1.375995062E0,1.832635584E2,5.315358026E0,2.360403798E0
3.196511240E2,5.238394018E1,4.906184133E0,2.583995405E0,1.529232211E0,1.770618594E2,5.304976003E0,2.383645661E0
3.206511223E2,5.238393461E1,4.906185255E0,2.364291215E0,1.448801738E0,1.804992783E2,5.356823085E0,2.347248034E0
3.216511211E2,5.238391749E1,4.906196240E0,1.896967648E0,1.531219759E0,1.806014246E2,5.386281277E0,2.280296705E0
3.226511199E2,5.238390325E1,4.906191212E0,2.292639031E0,1.571400349E0,1.846713507E2,5.467400599E0,2.164014815E0
3.236511190E2,5.238389395E1,4.906185592E0,2.917455673E0,1.511015438E0,1.903412402E2,5.491119109E0,2.227202093E0
3.246511176E2,5.238386979E1,4.906186886E0,2.816324871E0,1.757274555E0,1.863616749E2,5.526542560E0,2.224485572E0
3.256511167E2,5.238384572E1,4.906187077E0,3.382058899E0,1.765460034E0,1.844667438E2,5.517620160E0,2.173518424E0
3.266511167E2,5.238382330E1,4.906185778E0,3.008840102E0,1.776191516E0,1.842434701E2,5.301150967E0,2.477220897E0
3.276511158E2,5.238380719E1,4.906202250E0,3.028731523E0,1.722371077E0,1.800219093E2,5.147545685E0,2.706900525E0
3.286511152E2,5.238378810E1,4.906193502E0,2.655348723E0,1.742600513E0,1.813638221E2,5.089113485E0,2.815219525E0
3.296511139E2,5.238377194E1,4.906192896E0,2.482645851E0,1.714347047E0,1.789251247E2,5.026398431E0,2.925723132E0
3.306511143E2,5.238375465E1,4.906201942E0,2.476818238E0,1.655876334E0,1.767480219E2,5.003532495E0,2.964658430E0
3.316511135E2,5.238374843E1,4.906180492E0,2.190764739E0,1.457639062E0,1.818973369E2,5.012232433E0,2.949925943E0
3.326511126E2,5.238374238E1,4.906170192E0,2.046687821E0,1.257867430E0,1.810452423E2,4.988067403E0,2.990605392E0
3.336511130E2,5.238373171E1,4.906188276E0,1.639288506E0,1.208430766E0,1.668193238E2,4.952004447E0,3.049949015E0
3.346511120E2,5.238373154E1,4.906197938E0,1.559716732E0,1.199274969E0,1.601422930E2,4.943988458E0,3.062925915E0
3.356511117E2,5.238372750E1,4.906217758E0,1.486071859E0,1.108948683E0,1.482266263E2,4.935060616E0,3.077290000E0
3.366511127E2,5.238373583E1,4.906257505E0,1.853551189E0,1.248025374E0,1.141647138E2,4.868337369E0,3.181796395E0
3.376511126E2,5.238373949E1,4.906279355E0,2.015988231E0,1.104018947E0,9.673057085E1,4.849720499E0,3.210100951E0
3.386511124E2,5.238374424E1,4.906302275E0,2.158190118E0,1.137476446E0,8.407541622E1,4.837712064E0,3.228169608E0
3.396511121E2,5.238375085E1,4.906318812E0,2.365686897E0,1.027956862E0,7.519114860E1,4.823293437E0,3.249673439E0
3.406511111E2,5.238376263E1,4.906337944E0,2.666637735E0,1.153821036E0,6.285883798E1,4.834752402E0,3.232600538E0
3.416511127E2,5.238377597E1,4.906355072E0,2.732531068E0,1.377841784E0,5.496268576E1,4.832762693E0,3.235574414E0
3.426511121E2,5.238377913E1,4.906362490E0,8.347963709E-1,9.589374614E-1,5.380796842E1,4.862821388E0,3.190220240E0
3.436511118E2,5.238378378E1,4.906375785E0,9.364728257E-2,9.326513471E-1,5.644555725E1,4.897703978E0,3.136404434E0
3.446511122E2,5.238379440E1,4.906392047E0,1.796225142E0,9.981382525E-1,4.770945766E1,4.911512246E0,3.114736664E0
3.456511126E2,5.238380958E1,4.906417112E0,2.144791371E0,1.424624239E0,4.705345538E1,4.894361990E0,3.141617058E0
3.466511128E2,5.238381888E1,4.906434394E0,2.115936101E0,1.550369712E0,4.711373330E1,4.906310641E0,3.122923779E0
3.476511133E2,5.238382627E1,4.906457676E0,2.075607901E0,1.614402116E0,4.687263583E1,4.895973229E0,3.139105474E0
3.486511143E2,5.238383463E1,4.906475702E0,2.318033027E0,1.551937911E0,4.266059956E1,4.864745007E0,3.187286158E0
3.496511135E2,5.238384397E1,4.906483306E0,2.228391054E0,1.368313466E0,3.620124902E1,4.884174876E0,3.157431364E0
3.506511139E2,5.238386554E1,4.906480243E0,1.710746542E0,1.499147183E0,2.294672310E1,4.873796635E0,3.173427704E0
3.516511143E2,5.238388398E1,4.906481575E0,1.783990234E0,1.556104047E0,1.935641726E1,4.881724016E0,3.161219332E0
3.526511145E2,5.238390021E1,4.906475376E0,1.870949384E0,1.506156088E0,1.139345332E1,4.882349253E0,3.160253597E0
3.536511147E2,5.238390932E1,4.906465631E0,2.255146175E0,1.313386105E0,2.038761139E0,4.869552870E0,3.179935829E0
3.546511153E2,5.238391947E1,4.906468507E0,2.197127413E0,1.138984875E0,4.424622068E0,4.861739033E0,3.191869453E0
3.556511155E2,5.238392966E1,4.906468831E0,2.131982945E0,1.053545336E0,2.006440561E0,4.857388050E0,3.198486887E0
3.566511155E2,5.238394100E1,4.906466759E0,2.073560839E0,1.003517535E0,3.598136368E2,4.874528241E0,3.172303809E0
3.576511166E2,5.238395232E1,4.906466371E0,2.083403209E0,1.075152106E0,1.023798241E0,4.924589964E0,3.094018539E0
3.586511174E2,5.238396550E1,4.906463584E0,2.469002099E0,1.227045740E0,3.599263753E2,4.977299588E0,3.008492287E0
3.596511176E2,5.238397680E1,4.906463811E0,2.708415554E0,1.215497617E0,3.595618779E2,5.171029263E0,2.937307365E0
3.606511182E2,5.238398851E1,4.906461951E0,2.573954896E0,1.264645786E0,3.584710072E2,5.576011349E0,2.903747937E0
3.616511182E2,5.238400052E1,4.906464600E0,2.344795802E0,1.368479954E0,3.597866766E2,6.062672033E0,2.828210839E0
3.626511191E2,5.238401112E1,4.906470919E0,2.243038463E0,1.375557245E0,2.759890100E0,6.277342843E0,2.769069052E0
3.636511197E2,5.238402372E1,4.906469353E0,2.170728360E0,1.403208910E0,1.955004734E0,6.749698931E0,2.576176494E0
3.646511194E2,5.238403527E1,4.906482151E0,2.284687935E0,1.433712656E0,6.255629002E0,7.237020119E0,2.258208431E0
3.656511209E2,5.238404956E1,4.906479824E0,2.456372752E0,1.439097841E0,5.097082523E0,7.624339210E0,1.917899808E0
3.666511213E2,5.238407737E1,4.906463486E0,2.982882140E0,1.767362425E0,1.441524635E0,8.086897063E0,1.720568348E0
3.676511211E2,5.238409029E1,4.906444585E0,3.004144080E0,1.676075541E0,3.595955862E2,8.272212397E0,1.657329886E0
3.686511222E2,5.238410162E1,4.906454771E0,2.918234739E0,1.591662849E0,5.468256512E0,6.692404548E0,2.662810675E0
3.696511226E2,5.238410950E1,4.906457585E0,2.762171017E0,1.500561347E0,6.075834289E0,6.267874418E0,2.844069019E0
3.706511227E2,5.238412017E1,4.906461971E0,2.848607363E0,1.487089526E0,6.208773311E0,6.716908372E0,2.743896587E0
3.716511242E2,5.238413610E1,4.906460684E0,2.361856152E0,1.514333647E0,5.192234901E0,7.181315906E0,2.795024454E0
3.726511239E2,5.238414882E1,4.906464988E0,2.379530901E0,1.537420651E0,6.639834672E0,7.796713207E0,2.730170942E0
3.736511242E2,5.238415062E1,4.906475038E0,3.182884175E0,1.433028384E0,1.347138253E1,8.343475081E0,2.687012156E0
3.746511254E2,5.238417342E1,4.906459171E0,2.449725063E0,1.520522733E0,7.858016505E0,8.714614502E0,2.622510293E0
3.756511252E2,5.238419392E1,4.906430441E0,1.514307528E0,1.468445261E0,1.068199673E0,8.862348615E0,2.605378648E0
3.766511260E2,5.238420519E1,4.906449703E0,1.239763483E0,1.395894430E0,8.354350493E0,8.961340995E0,2.446147210E0
3.776511271E2,5.238422205E1,4.906455206E0,1.292016681E0,1.469517147E0,1.108095958E1,8.784887353E0,2.537542826E0
3.786511271E2,5.238422500E1,4.906490161E0,1.491817056E0,1.188185165E0,2.240628580E1,8.622521328E0,2.482117967E0
3.796511282E2,5.238423547E1,4.906456748E0,1.565397811E0,1.136867444E0,2.413850097E1,8.523184096E0,2.462433701E0
3.806511284E2,5.238424502E1,4.906409149E0,2.330708648E0,1.100886416E0,2.166117978E1,8.541704913E0,2.495167180E0
3.816511295E2,5.238425153E1,4.906426312E0,2.342160685E0,1.048581867E0,2.787242554E1,8.436267015E0,2.459140809E0
3.826511300E2,5.238425809E1,4.906439250E0,2.502993848E0,1.046564299E0,3.458792517E1,8.351100998E0,2.484705800E0
3.836511304E2,5.238426596E1,4.906437644E0,2.646404802E0,9.949593640E-1,3.592424362E1,8.409220711E0,2.464648185E0
3.846511304E2,5.238427947E1,4.906421645E0,2.177394801E0,1.022553200E0,3.196365958E1,8.376997719E0,2.441600278E0
3.856516367E2,5.238430398E1,4.906348464E0,2.655638094E0,1.066605118E0,2.023523995E1,8.275337834E0,2.466314019E0
3.866516310E2,5.238431351E1,4.906362524E0,2.854967386E0,1.065122108E0,2.320815949E1,8.168561779E0,2.514673242E0
3.876516122E2,5.238432553E1,4.906360320E0,2.542534553E0,1.094306848E0,2.124405494E1,8.315150837E0,2.531926299E0
3.886515987E2,5.238434126E1,4.906330694E0,2.307110545E0,1.128741407E0,1.426568782E1,8.413578300E0,2.515861343E0
3.896515774E2,5.238435390E1,4.906369502E0,2.615227401E0,1.079352056E0,2.011037722E1,8.357687002E0,2.460307880E0
3.906515481E2,5.238436312E1,4.906358070E0,2.394476497E0,1.125541578E0,1.790953252E1,8.496790450E0,2.498672476E0
3.916515205E2,5.238438227E1,4.906324198E0,2.516976591E0,1.128964968E0,1.079688592E1,8.564217400E0,2.497311508E0
3.926514974E2,5.238439637E1,4.906350474E0,2.846942360E0,1.121571504E0,1.462778074E1,8.177721771E0,2.487904084E0
3.936514680E2,5.238441474E1,4.906377689E0,2.908821734E0,1.229442630E0,1.846585487E1,7.794800211E0,2.591087731E0
3.946514456E2,5.238443516E1,4.906409199E0,2.778538207E0,1.246281649E0,2.073732324E1,7.556985551E0,2.485218601E0
3.956514225E2,5.238445473E1,4.906481841E0,3.016238758E0,1.285441636E0,2.638518087E1,7.195024681E0,2.460503755E0
3.966513932E2,5.238447318E1,4.906492064E0,3.376832754E0,1.399214335E0,2.673075060E1,7.201267261E0,2.370248876E0
3.976513700E2,5.238449551E1,4.906481351E0,3.056812422E0,1.437791531E0,2.458763278E1,7.125586855E0,2.334802270E0
3.986513479E2,5.238450963E1,4.906476437E0,3.103018176E0,1.295836574E0,2.251549343E1,7.208885810E0,2.199406069E0
3.996513193E2,5.238452065E1,4.906484990E0,2.552408299E0,1.258786266E0,2.570494129E1,7.002839238E0,2.175440527E0
4.006512907E2,5.238451035E1,4.906525084E0,1.786760986E0,1.324647366E0,5.841080079E1,6.937686286E0,2.105741039E0
4.016512629E2,5.238450870E1,4.906556155E0,2.300944380E0,1.340054261E0,6.824859667E1,6.812306884E0,1.863045217E0
4.026512359E2,5.238451538E1,4.906548451E0,2.291760786E0,1.159401776E0,7.263355506E1,6.619120098E0,1.804838939E0
4.036512114E2,5.238451476E1,4.906571329E0,2.451249762E0,8.341397774E-1,7.311329725E1,6.685244519E0,1.656494913E0
4.046511880E2,5.238451175E1,4.906569898E0,2.834230854E0,3.957358583E-1,7.994061570E1,6.715489534E0,1.515448844E0
4.056511663E2,5.238448788E1,4.906562842E0,3.434943577E0,5.413134121E-1,8.996561631E1,6.589204150E0,1.783493336E0
4.066511449E2,5.238449874E1,4.906531313E0,3.194981275E0,1.820094339E-1,9.849615725E1,6.616764690E0,1.733216941E0
4.076511257E2,5.238446813E1,4.906515102E0,2.419548070E0,1.633569946E-1,1.149443231E2,6.554367250E0,1.829990071E0
4.086511066E2,5.238446493E1,4.906507640E0,1.754322602E0,3.087363026E-1,1.149443132E2,6.516139097E0,1.949046281E0
4.096510884E2,5.238445625E1,4.906481809E0,1.475481111E0,7.258232104E-2,1.149442808E2,6.665802264E0,2.006870971E0
4.106510715E2,5.238442753E1,4.906491049E0,1.529435321E0,3.179009763E-1,1.149442686E2,6.659132716E0,2.018332532E0
4.116510563E2,5.238441713E1,4.906499402E0,2.132745153E0,3.762766474E-1,1.149442692E2,6.991155419E0,1.788420293E0
4.126510407E2,5.238440787E1,4.906523699E0,2.297921253E0,7.614876056E-1,1.188760557E2,7.499510288E0,1.524850836E0
4.136510272E2,5.238439721E1,4.906546989E0,1.546093400E0,1.191352920E0,1.201435994E2,8.490205271E0,1.418203112E0
4.146510128E2,5.238437848E1,4.906570974E0,2.557709490E0,1.410136411E0,1.317999448E2,9.199728326E0,1.313096516E0
4.156510001E2,5.238437187E1,4.906595140E0,2.641598572E0,1.472100859E0,1.288633766E2,8.153543551E0,1.509574289E0
4.166509877E2,5.238434920E1,4.906575710E0,2.963074056E0,1.339027942E0,1.501158592E2,7.903887913E0,1.583553456E0
4.176509763E2,5.238433234E1,4.906592309E0,2.916940085E0,1.369171290E0,1.503685981E2,7.429382625E0,1.870419664E0
4.186509655E2,5.238431511E1,4.906615023E0,3.199997505E0,1.257549738E0,1.491438552E2,7.338812028E0,1.902259906E0
4.196509545E2,5.238429549E1,4.906623500E0,3.016880329E0,1.333600346E0,1.499632182E2,7.417237972E0,1.949579262E0
4.206509440E2,5.238429035E1,4.906663966E0,2.604417714E0,1.394888952E0,1.419529834E2,7.172967124E0,2.000228758E0
4.216509347E2,5.238428513E1,4.906690445E0,2.758294838E0,1.455514682E0,1.352855529E2,7.157500484E0,2.007611122E0
4.226509254E2,5.238428119E1,4.906729748E0,2.901095771E0,1.579389878E0,1.286995886E2,7.102320228E0,2.087916331E0
4.236509161E2,5.238427111E1,4.906757110E0,2.042076123E0,1.727278903E0,1.287390964E2,7.268523443E0,2.022965466E0
4.246509075E2,5.238425783E1,4.906739876E0,2.238695967E0,1.468400869E0,1.364205097E2,7.543747615E0,1.944177342E0
4.256508999E2,5.238425036E1,4.906754183E0,2.408357544E0,1.530874727E0,1.357509280E2,7.393855467E0,1.933253917E0
4.266508915E2,5.238424083E1,4.906755774E0,2.479800586E0,1.403904201E0,1.382588861E2,7.578000501E0,1.919446096E0
4.276508851E2,5.238423447E1,4.906775846E0,2.862663684E0,1.322980375E0,1.361456923E2,7.619567485E0,1.872182008E0
4.286508776E2,5.238422599E1,4.906796145E0,2.967106409E0,1.304390929E0,1.356926210E2,7.673903373E0,1.747175449E0
4.296508701E2,5.238422564E1,4.906824278E0,2.930875280E0,1.101028879E0,1.277693696E2,7.470551491E0,1.769275157E0
4.306508639E2,5.238420877E1,4.906823836E0,2.444815688E0,8.834193151E-1,1.394897632E2,7.349153313E0,2.013548242E0
4.316508571E2,5.238420459E1,4.906841557E0,2.304058098E0,7.015957413E-1,1.344384289E2,7.375223702E0,2.139239534E0
4.326508520E2,5.238420569E1,4.906852895E0,2.690835897E0,6.091402926E-1,1.245668496E2,5.172923250E0,2.658082406E0
4.336508452E2,5.238420262E1,4.906886194E0,2.872475971E0,8.332165291E-1,1.195786678E2,5.072738248E0,2.844620133E0
4.346508391E2,5.238418748E1,4.906891606E0,3.203648634E0,8.417461868E-1,1.309951780E2,5.052319029E0,2.880730717E0
4.356508335E2,5.238418413E1,4.906900447E0,4.864685169E0,9.658831439E-1,1.313804961E2,4.984301021E0,2.996878436E0
4.366508282E2,5.238417962E1,4.906914584E0,2.521583666E0,1.097269345E0,1.283809365E2,5.035259114E0,2.910447162E0
4.376508228E2,5.238417377E1,4.906929568E0,2.258536861E0,1.155962159E0,1.276667244E2,5.070304742E0,2.848955397E0
4.386508179E2,5.238416260E1,4.906941604E0,2.111290179E0,1.169836430E0,1.305781102E2,5.102115591E0,2.791586202E0
4.396508126E2,5.238415331E1,4.906958581E0,3.951761143E0,1.221480567E0,1.296032379E2,5.521700348E0,2.655893282E0
4.406508087E2,5.238414522E1,4.906972216E0,2.313716618E0,1.298002483E0,1.312631575E2,5.660664299E0,2.510806926E0
4.416508038E2,5.238413656E1,4.906990375E0,1.949104324E0,1.440065354E0,1.344599910E2,5.711941748E0,2.390723562E0
4.426507989E2,5.238412200E1,4.906996300E0,1.488969917E0,1.422100384E0,1.413792808E2,5.989271778E0,2.258144621E0
4.436507940E2,5.238411039E1,4.907003305E0,1.966081567E0,1.353066160E0,1.403760689E2,6.348001771E0,2.160292963E0
4.446507903E2,5.238410167E1,4.907038903E0,3.004728251E0,1.408047792E0,1.341998317E2,6.194148375E0,2.204642795E0
4.456507858E2,5.238408785E1,4.907056924E0,3.776593366E0,1.477766647E0,1.347543617E2,6.318538886E0,2.119694724E0
4.466507818E2,5.238407186E1,4.907061875E0,9.812632753E-1,1.374332890E0,1.402178140E2,6.196435776E0,2.149233654E0
4.476507775E2,5.238405952E1,4.907082287E0,3.610707643E-1,1.283345579E0,1.415136957E2,5.396220519E0,2.506022543E0
4.486507734E2,5.238404948E1,4.907125653E0,6.727245143E-1,1.496204835E0,1.325216292E2,5.044322404E0,2.894710438E0
4.496507695E2,5.238402970E1,4.907148516E0,1.177920886E0,1.808971286E0,1.336605417E2,4.991257646E0,2.985277901E0
4.506507659E2,5.238401912E1,4.907169995E0,1.195767220E0,1.841214539E0,1.328250185E2,5.013355405E0,2.948017064E0
4.516507617E2,5.238401018E1,4.907186117E0,1.790830241E0,1.835844602E0,1.348569188E2,5.049044295E0,2.886466481E0
4.526507584E2,5.238399852E1,4.907202662E0,2.040666262E0,1.818861598E0,1.387324640E2,5.065307714E0,2.857830435E0
4.536507546E2,5.238398606E1,4.907224355E0,1.712068003E0,1.838929196E0,1.393901304E2,5.092123671E0,2.809771085E0
4.546507508E2,5.238396471E1,4.907238865E0,2.229507171E0,1.853081796E0,1.446759918E2,5.126115932E0,2.747266365E0
4.556507477E2,5.238394390E1,4.907257372E0,2.324318131E0,1.839058204E0,1.513136532E2,5.135411416E0,2.729851026E0
4.566507432E2,5.238392858E1,4.907265835E0,2.186392877E0,1.802795343E0,1.578404391E2,5.137702442E0,2.725536764E0
4.576507403E2,5.238391180E1,4.907255538E0,1.266503436E0,1.778166391E0,1.749526168E2,5.123591152E0,2.751972154E0
4.586507378E2,5.238389383E1,4.907250580E0,1.614001143E0,1.827710756E0,1.799043345E2,5.111367516E0,2.774609729E0
4.596507338E2,5.238387582E1,4.907242453E0,1.068502352E0,2.034036096E0,1.850030963E2,5.231540929E0,2.755546058E0
4.606507305E2,5.238386116E1,4.907238975E0,1.212068755E0,1.873398574E0,1.854169277E2,5.601874742E0,2.805344771E0
4.616507269E2,5.238384673E1,4.907203880E0,8.053738410E-1,1.713759430E0,2.021291613E2,5.925359944E0,2.679819525E0
4.626507236E2,5.238383918E1,4.907166965E0,1.162004489E0,1.690830763E0,2.239318253E2,5.665482924E0,2.567442401E0
4.636507210E2,5.238382937E1,4.907156916E0,1.046924309E0,1.650719932E0,2.256141608E2,5.756135932E0,2.384048476E0
4.646507168E2,5.238382175E1,4.907124665E0,9.209106434E-1,1.597250874E0,2.312619452E2,5.920036900E0,2.132228097E0
4.656507142E2,5.238382426E1,4.907109366E0,1.184262201E0,1.476141321E0,2.356216581E2,5.937722966E0,2.092387340E0
4.666507108E2,5.238383963E1,4.907087918E0,1.424742718E0,1.297141435E0,2.476174135E2,5.869744965E0,2.135932198E0
4.676507078E2,5.238385276E1,4.907069971E0,1.293051999E0,9.480410744E-1,2.529752455E2,5.208226617E0,2.588225750E0
4.686507050E2,5.238385100E1,4.907060300E0,9.832696747E-1,7.281113396E-1,2.479121960E2,5.150253400E0,2.701745168E0
4.696507008E2,5.238385331E1,4.907027186E0,1.236053921E0,7.409515145E-1,2.501424066E2,5.087218054E0,2.818643203E0
4.706506989E2,5.238385633E1,4.906986805E0,1.876082274E0,1.103598214E0,2.517111933E2,4.981932204E0,3.000814648E0
4.716506946E2,5.238384938E1,4.906969377E0,1.145750228E0,1.190521475E0,2.481339472E2,4.930544551E0,3.084520622E0
4.726506916E2,5.238385048E1,4.906943561E0,1.253750642E0,1.241367681E0,2.531933256E2,4.900360411E0,3.132252364E0
4.736506890E2,5.238384422E1,4.906922452E0,1.113450306E0,1.347590763E0,2.493765373E2,4.895269527E0,3.140202746E0
4.746506854E2,5.238383262E1,4.906897321E0,9.380671624E-1,1.552310152E0,2.423656947E2,4.870316154E0,3.178766679E0
4.756506823E2,5.238382279E1,4.906879997E0,1.313132294E0,1.613314040E0,2.357867598E2,4.859204162E0,3.195727139E0
4.766506799E2,5.238381349E1,4.906857820E0,1.635462911E0,1.847822457E0,2.335135357E2,4.838259212E0,3.227349505E0
4.776506765E2,5.238380604E1,4.906836669E0,1.628645268E0,1.842109888E0,2.365658051E2,4.817180160E0,3.258728638E0
4.786506735E2,5.238379374E1,4.906817849E0,1.973677848E0,1.853049212E0,2.327582669E2,4.809198235E0,3.270496808E0
4.796506710E2,5.238378539E1,4.906796095E0,2.015253017E0,1.811765673E0,2.348127075E2,4.810504995E0,3.268574418E0
4.806506681E2,5.238377872E1,4.906774575E0,2.005358000E0,1.732385680E0,2.379540991E2,4.851838126E0,3.206899411E0
4.816506648E2,5.238377544E1,4.906755253E0,3.542857688E0,1.534680498E0,2.411539887E2,4.951768604E0,3.050331904E0
4.826506622E2,5.238376881E1,4.906744602E0,2.812304469E0,1.248130921E0,2.371451984E2,5.079992471E0,2.831645021E0
4.836506591E2,5.238376167E1,4.906728799E0,2.175593154E0,1.244864213E0,2.364357668E2,5.152117516E0,2.698188677E0
4.846506562E2,5.238376462E1,4.906712765E0,2.301452853E0,1.092681890E0,2.432934726E2,5.323568324E0,2.341827776E0
4.856506530E2,5.238375912E1,4.906696812E0,9.834441086E-1,1.115299290E0,2.431442708E2,5.351399185E0,2.277512633E0
4.866506506E2,5.238375504E1,4.906680985E0,1.591705826E0,1.143469894E0,2.436335875E2,5.378462650E0,2.212843546E0
4.876506472E2,5.238374746E1,4.906671170E0,4.526238507E-1,1.112348850E0,2.413041643E2,5.455189620E0,2.089830539E0
4.886506444E2,5.238374087E1,4.906649001E0,2.342305146E-2,1.105603712E0,2.410267385E2,5.595195610E0,2.005710021E0
4.896506419E2,5.238373152E1,4.906630115E0,9.081023252E-1,1.207886095E0,2.385453704E2,5.570085022E0,2.032799647E0
4.906506387E2,5.238372332E1,4.906618981E0,1.241016462E-1,1.184773529E0,2.372754489E2,5.549280780E0,2.019812604E0
4.916506361E2,5.238372324E1,4.906610999E0,8.482597936E-1,9.845198985E-1,2.358655448E2,5.535225099E0,2.065660612E0
4.926506327E2,5.238371384E1,4.906596746E0,8.173687998E-1,8.423626306E-1,2.239879706E2,5.478128896E0,2.104763682E0
4.936506298E2,5.238369970E1,4.906583251E0,9.915726986E-1,1.167448783E0,2.211557908E2,5.362934792E0,2.250214978E0
4.946506274E2,5.238368212E1,4.906566303E0,1.352217189E0,1.279205515E0,2.192921908E2,5.262097687E0,2.476865956E0
4.956506244E2,5.238366279E1,4.906560048E0,1.562469563E0,1.424965451E0,2.141441957E2,5.227005766E0,2.550087794E0
4.966506215E2,5.238365127E1,4.906539621E0,1.327960823E0,1.463084085E0,2.252253088E2,5.204938880E0,2.594831071E0
4.976506186E2,5.238363723E1,4.906523937E0,1.339325949E0,1.649802189E0,2.346312927E2,5.204560865E0,2.595589189E0
4.986506159E2,5.238362347E1,4.906526332E0,1.167518443E0,1.408474289E0,2.285521025E2,5.175785207E0,2.652505329E0
4.996506133E2,5.238360900E1,4.906490952E0,1.401260688E0,1.624587315E0,2.313897846E2,5.196389366E0,2.611910142E0
5.006506103E2,5.238360380E1,4.906473667E0,1.416178187E0,1.490649391E0,2.323760862E2,5.108184065E0,2.780466254E0
5.016506076E2,5.238360198E1,4.906462438E0,1.553842965E0,1.236072743E0,2.338594266E2,5.147547385E0,2.706897293E0
5.026506041E2,5.238359629E1,4.906451343E0,2.056286683E0,1.166350340E0,2.348334288E2,5.179687037E0,2.644877923E0
5.036506020E2,5.238358308E1,4.906445292E0,1.951406540E0,1.332862936E0,2.300251716E2,5.099010135E0,2.797254490E0
5.046505986E2,5.238356713E1,4.906431475E0,1.809044095E0,1.350355490E0,2.262204850E2,5.060036152E0,2.867153846E0
5.056505958E2,5.238355254E1,4.906419371E0,1.292773823E0,1.373517419E0,2.210570473E2,5.064263032E0,2.859681272E0
5.066505935E2,5.238354421E1,4.906403385E0,1.383896308E0,1.372581574E0,2.249397817E2,5.087427668E0,2.818264848E0
5.076505903E2,5.238354276E1,4.906377137E0,1.167931902E0,1.323172207E0,2.333801954E2,5.080722480E0,2.830334983E0
5.086505871E2,5.238353561E1,4.906356125E0,1.099954898E0,1.372241228E0,2.339758079E2,5.090504828E0,2.812702904E0
5.096505845E2,5.238352668E1,4.906345577E0,1.092343860E0,1.474953774E0,2.328220686E2,5.041731607E0,2.899220487E0
5.106505823E2,5.238350683E1,4.906330847E0,1.378164885E0,1.540479994E0,2.298613057E2,5.032904421E0,2.914517133E0
5.116510612E2,5.238349871E1,4.906311012E0,1.198720283E0,1.536795729E0,2.321214597E2,5.049664317E0,2.885381658E0
5.126510645E2,5.238348631E1,4.906301726E0,1.602251177E0,1.420511553E0,2.345154860E2,5.019508839E0,2.937527539E0
5.136510613E2,5.238347359E1,4.906280435E0,1.280185334E0,1.346728454E0,2.327188794E2,5.034879073E0,2.911104559E0
5.146510648E2,5.238347034E1,4.906272923E0,1.325639938E0,1.235753884E0,2.339490201E2,5.026307107E0,2.925880021E0
5.156510630E2,5.238346839E1,4.906255330E0,1.300981428E0,1.159810369E0,2.363600847E2,5.089074136E0,2.815290655E0
5.166510545E2,5.238346149E1,4.906233648E0,1.229246910E0,1.163119025E0,2.349431395E2,5.089651689E0,2.814246386E0
5.176510540E2,5.238345744E1,4.906214087E0,1.367389239E0,1.222936286E0,2.376133199E2,5.060777149E0,2.865845719E0
5.186510495E2,5.238344950E1,4.906192869E0,1.117310156E0,1.217113195E0,2.395191157E2,5.041048489E0,2.900408102E0
5.196510391E2,5.238344275E1,4.906177143E0,1.206975266E0,1.107085132E0,2.388347403E2,5.068350801E0,2.852430050E0
5.206510348E2,5.238343692E1,4.906159915E0,1.427087314E0,1.105087862E0,2.364991494E2,5.133300701E0,2.733818015E0
5.216510266E2,5.238342893E1,4.906148301E0,1.064835000E0,1.126394601E0,2.342848291E2,5.127514007E0,2.744656107E0
5.226510135E2,5.238342612E1,4.906121510E0,1.076959200E0,1.016411808E0,2.353301824E2,5.002842322E0,2.965822944E0
5.236510087E2,5.238341485E1,4.906092065E0,1.410248588E0,1.283973469E0,2.333932507E2,4.920791790E0,3.100055676E0
5.246510024E2,5.238341467E1,4.906071455E0,1.010066261E0,1.135371575E0,2.374708861E2,4.886608951E0,3.153662948E0
5.256509893E2,5.238340620E1,4.906038718E0,8.867273815E-1,1.219709810E0,2.429484052E2,4.857408853E0,3.198455294E0
5.266509790E2,5.238340783E1,4.906014268E0,2.010233709E0,1.411265936E0,2.495914528E2,4.852632593E0,3.205697109E0
5.276509690E2,5.238339354E1,4.905982538E0,2.113988556E0,1.768331061E0,2.422160472E2,4.823935856E0,3.248719730E0
5.286509593E2,5.238337819E1,4.905964937E0,1.846208549E0,1.837392621E0,2.338952547E2,4.795170504E0,3.291029758E0
5.296509495E2,5.238336495E1,4.905942891E0,2.421164171E0,1.814609574E0,2.335220780E2,4.787833435E0,3.301694722E0
5.306509402E2,5.238335478E1,4.905917277E0,2.449606025E0,1.786485481E0,2.361473065E2,4.790242140E0,3.298199095E0
5.316509336E2,5.238334233E1,4.905891716E0,2.328062195E0,1.830625160E0,2.368594211E2,4.790660564E0,3.297591302E0
5.326509223E2,5.238333366E1,4.905872870E0,2.109642747E0,1.794835671E0,2.380589816E2,4.802659928E0,3.280090646E0
5.336509148E2,5.238332313E1,4.905850433E0,2.333202582E0,1.811834317E0,2.372762875E2,4.787257257E0,3.302530090E0
5.346509067E2,5.238331129E1,4.905836950E0,1.809250234E0,1.812702272E0,2.342093899E2,4.786078924E0,3.304237517E0
5.356508985E2,5.238330126E1,4.905818137E0,2.741540709E0,1.770209471E0,2.344355970E2,4.798566482E0,3.286076194E0
5.366508909E2,5.238329458E1,4.905796680E0,2.384558706E0,1.806376088E0,2.368589711E2,4.787619462E0,3.302004985E0
5.376508837E2,5.238328503E1,4.905779543E0,2.551521086E0,1.799149174E0,2.364973475E2,4.779458556E0,3.313806413E0
5.386508772E2,5.238328083E1,4.905753601E0,2.762844430E0,1.791377109E0,2.381789430E2,4.786626530E0,3.303444187E0
5.396508706E2,5.238327385E1,4.905727252E0,2.189896090E0,1.806249294E0,2.413454914E2,4.817597039E0,3.258112307E0
5.406508632E2,5.238326665E1,4.905703805E0,7.910976773E-1,1.741246235E0,2.419068709E2,4.866567447E0,3.184502837E0
5.416508564E2,5.238325184E1,4.905688389E0,7.564862520E-1,1.737961927E0,2.345335248E2,4.900214545E0,3.132480558E0
5.426508495E2,5.238324182E1,4.905665929E0,8.923591012E-1,1.777107734E0,2.345970110E2,4.887276080E0,3.152628990E0
5.436508431E2,5.238323127E1,4.905650550E0,1.372296748E0,1.789386003E0,2.326659467E2,4.826709376E0,3.244597608E0